2025-09-20 23:24:53,172 - __main__ - INFO - Starting Animal Type Classification System
2025-09-20 23:24:53,173 - __main__ - ERROR - Error running the system: ATCSystem.__init__() got an unexpected keyword argument 'config_path'
Traceback (most recent call last):
  File "c:\KARTIK\run.py", line 108, in main
    system = ATCSystem(config_path=args.config)
             ^^^^^^^^^^^^^^^^^^^^^^^^^^^^^^^^^^
TypeError: ATCSystem.__init__() got an unexpected keyword argument 'config_path'
2025-09-20 23:27:55,266 - __main__ - INFO - Starting Animal Type Classification System
2025-09-20 23:27:55,266 - main - INFO - Initializing Animal Type Classification System
2025-09-20 23:27:55,271 - modules.image_processor - INFO - Image processor initialized
2025-09-20 23:27:55,272 - modules.ai_model - INFO - Creating new feature extraction model
2025-09-20 23:28:02,654 - modules.ai_model - INFO - Initializing keypoint detection model
2025-09-20 23:28:02,987 - modules.ai_model - INFO - Keypoint model initialized
2025-09-20 23:28:02,987 - modules.ai_model - INFO - Animal classifier initialized
2025-09-20 23:28:03,033 - modules.database - INFO - Database tables created successfully
2025-09-20 23:28:03,034 - modules.database - INFO - Database initialized at c:\KARTIK\data\atc_database.db
2025-09-20 23:28:03,034 - modules.scoring - INFO - Using default scoring configuration
2025-09-20 23:28:03,034 - modules.scoring - INFO - Default scoring configuration set
2025-09-20 23:28:03,034 - modules.scoring - INFO - ATC Scorer initialized
2025-09-20 23:28:03,034 - modules.ui - INFO - User interface initialized
2025-09-20 23:28:03,034 - modules.bpa_integration - WARNING - BPA configuration file not found or not specified
2025-09-20 23:28:03,035 - modules.bpa_integration - INFO - BPA Integration initialized
2025-09-20 23:28:03,035 - main - INFO - System initialization complete
2025-09-20 23:28:03,035 - __main__ - INFO - Starting interactive mode
2025-09-20 23:28:03,035 - main - INFO - Starting Animal Type Classification System
2025-09-20 23:28:03,035 - modules.ui - INFO - Starting user interface
2025-09-20 23:28:26,767 - modules.ui - INFO - Camera started
2025-09-20 23:33:12,328 - modules.ui - INFO - Image loaded from C:/Users/Hardik/Downloads/download.jpeg
2025-09-20 23:33:23,985 - modules.ui - INFO - All data cleared
2025-09-20 23:33:26,000 - modules.ui - INFO - Camera already active
2025-09-20 23:33:27,537 - modules.ui - INFO - Image captured and saved to c:\KARTIK\data\images\capture_20250920_233327.jpg
2025-09-20 23:33:36,440 - modules.ui - INFO - Image captured and saved to c:\KARTIK\data\images\capture_20250920_233336.jpg
2025-09-20 23:33:37,187 - modules.ui - INFO - Image captured and saved to c:\KARTIK\data\images\capture_20250920_233337.jpg
2025-09-20 23:33:37,386 - modules.ui - INFO - Image captured and saved to c:\KARTIK\data\images\capture_20250920_233337.jpg
2025-09-20 23:33:37,551 - modules.ui - INFO - Image captured and saved to c:\KARTIK\data\images\capture_20250920_233337.jpg
2025-09-20 23:33:38,114 - modules.ui - INFO - Image captured and saved to c:\KARTIK\data\images\capture_20250920_233338.jpg
2025-09-20 23:33:40,939 - modules.ui - INFO - Camera already active
2025-09-20 23:33:45,536 - modules.ui - INFO - All data cleared
2025-09-20 23:33:48,132 - modules.ui - INFO - Image captured and saved to c:\KARTIK\data\images\capture_20250920_233348.jpg
2025-09-20 23:33:51,396 - modules.ui - INFO - All data cleared
2025-09-20 23:33:58,246 - modules.ui - INFO - Image loaded from C:/Users/Hardik/Downloads/download.jpeg
2025-09-20 23:34:01,869 - modules.ui - INFO - No classification results to sync
2025-09-20 23:34:16,465 - modules.ui - INFO - Image loaded from C:/Users/Hardik/Downloads/download.jpeg
2025-09-20 23:34:20,225 - modules.ui - INFO - Image captured and saved to c:\KARTIK\data\images\capture_20250920_233420.jpg
2025-09-20 23:34:29,183 - modules.ui - INFO - All data cleared
2025-09-20 23:34:39,872 - modules.ui - INFO - Image loaded from C:/Users/Hardik/Downloads/download.jpeg
2025-09-20 23:34:43,123 - modules.ui - INFO - No classification results to save
2025-09-20 23:34:47,820 - modules.ui - INFO - Animal ID is required
2025-09-20 23:34:51,557 - modules.ui - INFO - Animal ID is required for search
2025-09-20 23:34:56,175 - modules.ui - ERROR - Error searching for animal: 'ATCSystem' object has no attribute 'get_animal_info'
2025-09-20 23:34:56,176 - modules.ui - INFO - Error searching for animal: 'ATCSystem' object has no attribute 'get_animal_info'
2025-09-20 23:35:03,539 - modules.ui - ERROR - Error searching for animal: 'ATCSystem' object has no attribute 'get_animal_info'
2025-09-20 23:35:03,540 - modules.ui - INFO - Error searching for animal: 'ATCSystem' object has no attribute 'get_animal_info'
2025-09-20 23:36:28,979 - modules.ui - INFO - User interface closed
2025-09-20 23:37:33,970 - __main__ - INFO - Starting Animal Type Classification System
2025-09-20 23:37:33,971 - main - INFO - Initializing Animal Type Classification System
2025-09-20 23:37:33,971 - modules.image_processor - INFO - Image processor initialized
2025-09-20 23:37:33,971 - modules.ai_model - INFO - Creating new feature extraction model
2025-09-20 23:37:34,676 - modules.ai_model - INFO - Initializing keypoint detection model
2025-09-20 23:37:35,055 - modules.ai_model - INFO - Keypoint model initialized
2025-09-20 23:37:35,055 - modules.ai_model - INFO - Animal classifier initialized
2025-09-20 23:37:35,058 - modules.database - INFO - Database tables created successfully
2025-09-20 23:37:35,059 - modules.database - INFO - Database initialized at c:\KARTIK\data\atc_database.db
2025-09-20 23:37:35,059 - modules.scoring - INFO - Using default scoring configuration
2025-09-20 23:37:35,059 - modules.scoring - INFO - Default scoring configuration set
2025-09-20 23:37:35,059 - modules.scoring - INFO - ATC Scorer initialized
2025-09-20 23:37:35,059 - modules.ui - INFO - User interface initialized
2025-09-20 23:37:35,059 - modules.bpa_integration - WARNING - BPA configuration file not found or not specified
2025-09-20 23:37:35,060 - modules.bpa_integration - INFO - BPA Integration initialized
2025-09-20 23:37:35,060 - main - INFO - System initialization complete
2025-09-20 23:37:35,060 - __main__ - INFO - Starting interactive mode
2025-09-20 23:37:35,060 - main - INFO - Starting Animal Type Classification System
2025-09-20 23:37:35,060 - modules.ui - INFO - Starting user interface
2025-09-20 23:37:40,924 - modules.ui - INFO - Image loaded from C:/Users/Hardik/Downloads/download.jpeg
2025-09-20 23:37:44,479 - modules.ui - INFO - Animal ID is required for search
2025-09-20 23:37:53,559 - modules.ui - ERROR - Error searching for animal: 'ATCSystem' object has no attribute 'get_animal_info'
2025-09-20 23:37:53,560 - modules.ui - INFO - Error searching for animal: 'ATCSystem' object has no attribute 'get_animal_info'
2025-09-20 23:37:57,798 - modules.ui - INFO - Processing image...
2025-09-20 23:37:57,799 - modules.ui - ERROR - Error classifying image: ATCSystem.classify_animal() takes 2 positional arguments but 4 were given
2025-09-20 23:37:57,799 - modules.ui - INFO - Error classifying image: ATCSystem.classify_animal() takes 2 positional arguments but 4 were given
2025-09-20 23:38:07,338 - modules.ui - INFO - Animal ID is required
2025-09-20 23:38:13,120 - modules.ui - INFO - No classification results to sync
2025-09-20 23:38:18,235 - modules.ui - INFO - Processing image...
2025-09-20 23:38:18,236 - modules.ui - ERROR - Error classifying image: ATCSystem.classify_animal() takes 2 positional arguments but 4 were given
2025-09-20 23:38:18,238 - modules.ui - INFO - Error classifying image: ATCSystem.classify_animal() takes 2 positional arguments but 4 were given
2025-09-20 23:39:35,791 - modules.ui - INFO - Camera not active or no image available
2025-09-20 23:39:38,460 - modules.ui - INFO - Processing image...
2025-09-20 23:39:38,462 - modules.ui - ERROR - Error classifying image: ATCSystem.classify_animal() takes 2 positional arguments but 4 were given
2025-09-20 23:39:38,462 - modules.ui - INFO - Error classifying image: ATCSystem.classify_animal() takes 2 positional arguments but 4 were given
2025-09-20 23:42:06,097 - modules.ui - INFO - User interface closed
2025-09-20 23:42:13,249 - __main__ - INFO - Starting Animal Type Classification System
2025-09-20 23:42:13,249 - main - INFO - Initializing Animal Type Classification System
2025-09-20 23:42:13,250 - modules.image_processor - INFO - Image processor initialized
2025-09-20 23:42:13,250 - modules.ai_model - INFO - Creating new feature extraction model
2025-09-20 23:42:13,873 - modules.ai_model - INFO - Initializing keypoint detection model
2025-09-20 23:42:14,199 - modules.ai_model - INFO - Keypoint model initialized
2025-09-20 23:42:14,199 - modules.ai_model - INFO - Animal classifier initialized
2025-09-20 23:42:14,200 - modules.database - INFO - Database tables created successfully
2025-09-20 23:42:14,201 - modules.database - INFO - Database initialized at c:\KARTIK\data\atc_database.db
2025-09-20 23:42:14,201 - modules.scoring - INFO - Using default scoring configuration
2025-09-20 23:42:14,201 - modules.scoring - INFO - Default scoring configuration set
2025-09-20 23:42:14,202 - modules.scoring - INFO - ATC Scorer initialized
2025-09-20 23:42:14,202 - modules.ui - INFO - User interface initialized
2025-09-20 23:42:14,202 - modules.bpa_integration - WARNING - BPA configuration file not found or not specified
2025-09-20 23:42:14,203 - modules.bpa_integration - INFO - BPA Integration initialized
2025-09-20 23:42:14,203 - main - INFO - System initialization complete
2025-09-20 23:42:14,203 - __main__ - INFO - Starting interactive mode
2025-09-20 23:42:14,203 - main - INFO - Starting Animal Type Classification System
2025-09-20 23:42:14,203 - modules.ui - INFO - Starting user interface
2025-09-20 23:42:19,408 - modules.ui - INFO - Image loaded from C:/Users/Hardik/Downloads/download.jpeg
2025-09-20 23:42:29,034 - modules.ui - INFO - No classification results to sync
2025-09-20 23:42:32,013 - modules.ui - INFO - No classification results to save
2025-09-20 23:43:30,544 - modules.ui - INFO - Camera started
2025-09-20 23:43:41,735 - modules.ui - INFO - Image captured and saved to c:\KARTIK\data\images\capture_20250920_234341.jpg
2025-09-20 23:44:18,734 - modules.ui - INFO - Image loaded from C:/KARTIK/data/images/capture_20250920_234341.jpg
2025-09-20 23:44:25,561 - modules.ui - INFO - Image loaded from C:/KARTIK/data/images/capture_20250920_234341.jpg
2025-09-20 23:44:38,255 - modules.ui - INFO - No classification results to save
2025-09-20 23:44:44,577 - modules.ui - INFO - No classification results to sync
2025-09-20 23:44:46,755 - modules.ui - INFO - No classification results to save
2025-09-20 23:44:54,656 - modules.ui - INFO - Image loaded from C:/KARTIK/data/images/capture_20250920_234341.jpg
2025-09-20 23:44:57,378 - modules.ui - INFO - No classification results to save
2025-09-20 23:46:18,681 - modules.ui - INFO - User interface closed
2025-09-20 23:46:51,665 - __main__ - INFO - Starting Animal Type Classification System
2025-09-20 23:46:51,665 - main - INFO - Initializing Animal Type Classification System
2025-09-20 23:46:51,665 - modules.image_processor - INFO - Image processor initialized
2025-09-20 23:46:51,666 - modules.ai_model - INFO - Creating new feature extraction model
2025-09-20 23:46:52,332 - modules.ai_model - INFO - Initializing keypoint detection model
2025-09-20 23:46:52,710 - modules.ai_model - INFO - Keypoint model initialized
2025-09-20 23:46:52,711 - modules.ai_model - INFO - Animal classifier initialized
2025-09-20 23:46:52,712 - modules.database - INFO - Database tables created successfully
2025-09-20 23:46:52,712 - modules.database - INFO - Database initialized at c:\KARTIK\data\atc_database.db
2025-09-20 23:46:52,712 - modules.scoring - INFO - Using default scoring configuration
2025-09-20 23:46:52,712 - modules.scoring - INFO - Default scoring configuration set
2025-09-20 23:46:52,713 - modules.scoring - INFO - ATC Scorer initialized
2025-09-20 23:46:52,713 - modules.ui - INFO - User interface initialized
2025-09-20 23:46:52,713 - modules.bpa_integration - WARNING - BPA configuration file not found or not specified
2025-09-20 23:46:52,713 - modules.bpa_integration - INFO - BPA Integration initialized
2025-09-20 23:46:52,714 - main - INFO - System initialization complete
2025-09-20 23:46:52,714 - __main__ - INFO - Starting interactive mode
2025-09-20 23:46:52,714 - main - INFO - Starting Animal Type Classification System
2025-09-20 23:46:52,714 - modules.ui - INFO - Starting user interface
2025-09-20 23:46:57,349 - modules.ui - INFO - Camera started
2025-09-20 23:47:05,256 - modules.ui - INFO - Image captured and saved to c:\KARTIK\data\images\capture_20250920_234705.jpg
2025-09-20 23:47:17,860 - modules.ui - INFO - Image loaded from C:/KARTIK/data/images/capture_20250920_234705.jpg
2025-09-20 23:47:29,827 - modules.ui - INFO - Image loaded from C:/KARTIK/data/images/capture_20250920_233336.jpg
2025-09-20 23:47:36,372 - modules.ui - INFO - Image loaded from C:/Users/Hardik/Downloads/download.jpeg
2025-09-20 23:48:33,536 - modules.ui - INFO - Processing image...
2025-09-20 23:48:33,539 - modules.ui - ERROR - Error classifying image: ATCSystem.classify_animal() takes 2 positional arguments but 4 were given
2025-09-20 23:48:33,540 - modules.ui - INFO - Error classifying image: ATCSystem.classify_animal() takes 2 positional arguments but 4 were given
2025-09-20 23:49:22,257 - modules.ui - INFO - Image captured and saved to c:\KARTIK\data\images\capture_20250920_234922.jpg
2025-09-20 23:49:32,985 - modules.ui - INFO - Image loaded from C:/KARTIK/data/images/capture_20250920_234922.jpg
2025-09-20 23:49:44,109 - modules.ui - INFO - Image loaded from C:/KARTIK/data/images/capture_20250920_234922.jpg
2025-09-20 23:49:46,061 - modules.ui - INFO - Processing image...
2025-09-20 23:49:46,062 - modules.ui - ERROR - Error classifying image: ATCSystem.classify_animal() takes 2 positional arguments but 4 were given
2025-09-20 23:49:46,062 - modules.ui - INFO - Error classifying image: ATCSystem.classify_animal() takes 2 positional arguments but 4 were given
2025-09-20 23:49:52,639 - modules.ui - INFO - User interface closed
2025-09-20 23:50:00,586 - __main__ - INFO - Starting Animal Type Classification System
2025-09-20 23:50:00,586 - main - INFO - Initializing Animal Type Classification System
2025-09-20 23:50:00,586 - modules.image_processor - INFO - Image processor initialized
2025-09-20 23:50:00,587 - modules.ai_model - INFO - Creating new feature extraction model
2025-09-20 23:50:01,231 - modules.ai_model - INFO - Initializing keypoint detection model
2025-09-20 23:50:01,566 - modules.ai_model - INFO - Keypoint model initialized
2025-09-20 23:50:01,567 - modules.ai_model - INFO - Animal classifier initialized
2025-09-20 23:50:01,568 - modules.database - INFO - Database tables created successfully
2025-09-20 23:50:01,569 - modules.database - INFO - Database initialized at c:\KARTIK\data\atc_database.db
2025-09-20 23:50:01,569 - modules.scoring - INFO - Using default scoring configuration
2025-09-20 23:50:01,569 - modules.scoring - INFO - Default scoring configuration set
2025-09-20 23:50:01,569 - modules.scoring - INFO - ATC Scorer initialized
2025-09-20 23:50:01,570 - modules.ui - INFO - User interface initialized
2025-09-20 23:50:01,570 - modules.bpa_integration - WARNING - BPA configuration file not found or not specified
2025-09-20 23:50:01,570 - modules.bpa_integration - INFO - BPA Integration initialized
2025-09-20 23:50:01,570 - main - INFO - System initialization complete
2025-09-20 23:50:01,570 - __main__ - INFO - Starting interactive mode
2025-09-20 23:50:01,570 - main - INFO - Starting Animal Type Classification System
2025-09-20 23:50:01,571 - modules.ui - INFO - Starting user interface
2025-09-20 23:50:06,913 - modules.ui - INFO - Camera started
2025-09-20 23:50:14,517 - modules.ui - INFO - No image available for classification
2025-09-20 23:50:19,021 - modules.ui - INFO - Image captured and saved to c:\KARTIK\data\images\capture_20250920_235019.jpg
2025-09-20 23:50:22,235 - modules.ui - INFO - Image loaded from C:/KARTIK/data/images/capture_20250920_234922.jpg
2025-09-20 23:50:23,141 - modules.ui - INFO - Animal ID is required
2025-09-20 23:50:29,455 - modules.ui - INFO - Processing image...
2025-09-20 23:50:29,456 - modules.ui - ERROR - Error classifying image: ATCSystem.classify_animal() takes 2 positional arguments but 4 were given
2025-09-20 23:50:29,456 - modules.ui - INFO - Error classifying image: ATCSystem.classify_animal() takes 2 positional arguments but 4 were given
2025-09-20 23:50:34,517 - modules.ui - ERROR - Error searching for animal: 'ATCSystem' object has no attribute 'get_animal_info'
2025-09-20 23:50:34,517 - modules.ui - INFO - Error searching for animal: 'ATCSystem' object has no attribute 'get_animal_info'
2025-09-20 23:50:37,097 - modules.ui - INFO - User interface closed
2025-09-21 11:17:28,714 - __main__ - INFO - Starting Animal Type Classification System
2025-09-21 11:17:28,715 - main - INFO - Initializing Animal Type Classification System
2025-09-21 11:17:28,715 - modules.image_processor - INFO - Image processor initialized
2025-09-21 11:17:28,715 - modules.ai_model - INFO - Creating new feature extraction model
2025-09-21 11:17:29,572 - modules.ai_model - INFO - Initializing keypoint detection model
2025-09-21 11:17:29,948 - modules.ai_model - INFO - Keypoint model initialized
2025-09-21 11:17:29,948 - modules.ai_model - INFO - Animal classifier initialized
2025-09-21 11:17:29,959 - modules.database - INFO - Database tables created successfully
2025-09-21 11:17:29,959 - modules.database - INFO - Database initialized at c:\KARTIK\data\atc_database.db
2025-09-21 11:17:29,959 - modules.scoring - INFO - Using default scoring configuration
2025-09-21 11:17:29,959 - modules.scoring - INFO - Default scoring configuration set
2025-09-21 11:17:29,960 - modules.scoring - INFO - ATC Scorer initialized
2025-09-21 11:17:29,960 - modules.ui - INFO - User interface initialized
2025-09-21 11:17:29,960 - modules.bpa_integration - WARNING - BPA configuration file not found or not specified
2025-09-21 11:17:29,960 - modules.bpa_integration - INFO - BPA Integration initialized
2025-09-21 11:17:29,961 - main - INFO - System initialization complete
2025-09-21 11:17:29,961 - __main__ - INFO - Starting interactive mode
2025-09-21 11:17:29,961 - main - INFO - Starting Animal Type Classification System
2025-09-21 11:17:29,961 - modules.ui - INFO - Starting user interface
2025-09-21 11:17:34,748 - modules.ui - INFO - Camera started
2025-09-21 11:18:08,252 - modules.ui - INFO - Image loaded from C:/KARTIK/data/images/capture_20250920_234922.jpg
2025-09-21 11:18:18,097 - modules.ui - INFO - All data cleared
2025-09-21 11:18:23,291 - modules.ui - INFO - Image loaded from C:/KARTIK/data/images/capture_20250920_235019.jpg
2025-09-21 11:18:24,245 - modules.ui - INFO - Animal ID is required
2025-09-21 11:19:20,648 - modules.ui - INFO - Image captured and saved to c:\KARTIK\data\images\capture_20250921_111920.jpg
2025-09-21 11:19:23,802 - modules.ui - INFO - Processing image...
2025-09-21 11:19:23,803 - modules.ui - ERROR - Error classifying image: ATCSystem.classify_animal() takes 2 positional arguments but 4 were given
2025-09-21 11:19:23,803 - modules.ui - INFO - Error classifying image: ATCSystem.classify_animal() takes 2 positional arguments but 4 were given
2025-09-21 11:27:50,264 - modules.ui - INFO - User interface closed
2025-09-21 11:28:04,027 - __main__ - INFO - Starting Animal Type Classification System
2025-09-21 11:28:04,028 - main - INFO - Initializing Animal Type Classification System
2025-09-21 11:28:04,028 - modules.image_processor - INFO - Image processor initialized
2025-09-21 11:28:04,029 - modules.ai_model - INFO - Creating new feature extraction model
2025-09-21 11:28:04,713 - modules.ai_model - INFO - Initializing keypoint detection model
2025-09-21 11:28:05,067 - modules.ai_model - INFO - Keypoint model initialized
2025-09-21 11:28:05,067 - modules.ai_model - INFO - Animal classifier initialized
2025-09-21 11:28:05,069 - modules.database - INFO - Database tables created successfully
2025-09-21 11:28:05,069 - modules.database - INFO - Database initialized at c:\KARTIK\data\atc_database.db
2025-09-21 11:28:05,069 - modules.scoring - INFO - Using default scoring configuration
2025-09-21 11:28:05,069 - modules.scoring - INFO - Default scoring configuration set
2025-09-21 11:28:05,070 - modules.scoring - INFO - ATC Scorer initialized
2025-09-21 11:28:05,070 - modules.ui - INFO - User interface initialized
2025-09-21 11:28:05,070 - modules.bpa_integration - WARNING - BPA configuration file not found or not specified
2025-09-21 11:28:05,070 - modules.bpa_integration - INFO - BPA Integration initialized
2025-09-21 11:28:05,071 - main - INFO - System initialization complete
2025-09-21 11:28:05,071 - __main__ - INFO - Starting interactive mode
2025-09-21 11:28:05,071 - main - INFO - Starting Animal Type Classification System
2025-09-21 11:28:05,071 - modules.ui - INFO - Starting user interface
2025-09-21 11:28:27,902 - modules.ui - INFO - Image loaded from C:/KARTIK/data/images/capture_20250920_235019.jpg
2025-09-21 11:28:34,688 - modules.ui - ERROR - Error searching for animal: 'ATCSystem' object has no attribute 'get_animal_info'
2025-09-21 11:28:34,689 - modules.ui - INFO - Error searching for animal: 'ATCSystem' object has no attribute 'get_animal_info'
2025-09-21 11:28:38,753 - modules.ui - INFO - Processing image...
2025-09-21 11:28:38,754 - main - INFO - Processing image: C:/KARTIK/data/images/capture_20250920_235019.jpg
2025-09-21 11:28:38,754 - modules.image_processor - INFO - Preprocessing image
2025-09-21 11:28:38,754 - modules.image_processor - INFO - Loading image from C:/KARTIK/data/images/capture_20250920_235019.jpg
2025-09-21 11:28:38,757 - modules.image_processor - INFO - Image loaded successfully
2025-09-21 11:28:38,848 - modules.image_processor - INFO - Image preprocessing completed
2025-09-21 11:28:38,849 - modules.ai_model - INFO - Extracting animal body features
2025-09-21 11:28:38,849 - modules.ai_model - INFO - Detecting animal keypoints
2025-09-21 11:28:39,712 - modules.ai_model - INFO - Detected 17 keypoints
2025-09-21 11:28:39,713 - modules.ai_model - INFO - Calculated 5 body measurements
2025-09-21 11:28:39,713 - modules.ai_model - INFO - Feature extraction completed
2025-09-21 11:28:39,713 - main - INFO - Generating classification scores
2025-09-21 11:28:39,713 - modules.ui - ERROR - Error classifying image: 'ScoringSystem' object has no attribute 'generate_scores'
2025-09-21 11:28:39,713 - modules.ui - INFO - Error classifying image: 'ScoringSystem' object has no attribute 'generate_scores'
2025-09-21 11:31:09,680 - modules.ui - INFO - Processing image...
2025-09-21 11:31:09,681 - main - INFO - Processing image: C:/KARTIK/data/images/capture_20250920_235019.jpg
2025-09-21 11:31:09,682 - modules.image_processor - INFO - Preprocessing image
2025-09-21 11:31:09,682 - modules.image_processor - INFO - Loading image from C:/KARTIK/data/images/capture_20250920_235019.jpg
2025-09-21 11:31:09,685 - modules.image_processor - INFO - Image loaded successfully
2025-09-21 11:31:09,689 - modules.image_processor - INFO - Image preprocessing completed
2025-09-21 11:31:09,689 - modules.ai_model - INFO - Extracting animal body features
2025-09-21 11:31:09,689 - modules.ai_model - INFO - Detecting animal keypoints
2025-09-21 11:31:09,770 - modules.ai_model - INFO - Detected 17 keypoints
2025-09-21 11:31:09,770 - modules.ai_model - INFO - Calculated 5 body measurements
2025-09-21 11:31:09,771 - modules.ai_model - INFO - Feature extraction completed
2025-09-21 11:31:09,771 - main - INFO - Generating classification scores
2025-09-21 11:31:09,771 - modules.ui - ERROR - Error classifying image: 'ScoringSystem' object has no attribute 'generate_scores'
2025-09-21 11:31:09,771 - modules.ui - INFO - Error classifying image: 'ScoringSystem' object has no attribute 'generate_scores'
2025-09-21 11:31:12,770 - modules.ui - INFO - User interface closed
2025-09-21 11:32:22,586 - __main__ - INFO - Starting Animal Type Classification System
2025-09-21 11:32:22,586 - main - INFO - Initializing Animal Type Classification System
2025-09-21 11:32:22,586 - modules.image_processor - INFO - Image processor initialized
2025-09-21 11:32:22,586 - modules.ai_model - INFO - Creating new feature extraction model
2025-09-21 11:32:23,235 - modules.ai_model - INFO - Initializing keypoint detection model
2025-09-21 11:32:23,573 - modules.ai_model - INFO - Keypoint model initialized
2025-09-21 11:32:23,574 - modules.ai_model - INFO - Animal classifier initialized
2025-09-21 11:32:23,576 - modules.database - INFO - Database tables created successfully
2025-09-21 11:32:23,576 - modules.database - INFO - Database initialized at c:\KARTIK\data\atc_database.db
2025-09-21 11:32:23,576 - modules.scoring - INFO - Using default scoring configuration
2025-09-21 11:32:23,577 - modules.scoring - INFO - Default scoring configuration set
2025-09-21 11:32:23,577 - modules.scoring - INFO - ATC Scorer initialized
2025-09-21 11:32:23,577 - modules.ui - INFO - User interface initialized
2025-09-21 11:32:23,577 - modules.bpa_integration - WARNING - BPA configuration file not found or not specified
2025-09-21 11:32:23,577 - modules.bpa_integration - INFO - BPA Integration initialized
2025-09-21 11:32:23,578 - main - INFO - System initialization complete
2025-09-21 11:32:23,578 - __main__ - INFO - Starting interactive mode
2025-09-21 11:32:23,578 - main - INFO - Starting Animal Type Classification System
2025-09-21 11:32:23,578 - modules.ui - INFO - Starting user interface
2025-09-21 11:32:52,876 - modules.ui - INFO - Image loaded from C:/KARTIK/data/images/capture_20250920_234922.jpg
2025-09-21 11:32:56,981 - modules.ui - INFO - Processing image...
2025-09-21 11:32:56,982 - main - INFO - Processing image: C:/KARTIK/data/images/capture_20250920_234922.jpg
2025-09-21 11:32:56,983 - modules.image_processor - INFO - Preprocessing image
2025-09-21 11:32:56,983 - modules.image_processor - INFO - Loading image from C:/KARTIK/data/images/capture_20250920_234922.jpg
2025-09-21 11:32:56,986 - modules.image_processor - INFO - Image loaded successfully
2025-09-21 11:32:57,071 - modules.image_processor - INFO - Image preprocessing completed
2025-09-21 11:32:57,072 - modules.ai_model - INFO - Extracting animal body features
2025-09-21 11:32:57,072 - modules.ai_model - INFO - Detecting animal keypoints
2025-09-21 11:32:57,779 - modules.ai_model - INFO - Detected 17 keypoints
2025-09-21 11:32:57,779 - modules.ai_model - INFO - Calculated 5 body measurements
2025-09-21 11:32:57,779 - modules.ai_model - INFO - Feature extraction completed
2025-09-21 11:32:57,779 - main - INFO - Generating classification scores
2025-09-21 11:32:57,779 - modules.scoring - INFO - Scoring animal traits for breed: unknown
2025-09-21 11:32:57,779 - modules.scoring - WARNING - No standards found for breed: unknown. Using generic standards.
2025-09-21 11:32:57,780 - modules.scoring - WARNING - Missing measurement or standard for trait: leg_structure
2025-09-21 11:32:57,780 - modules.scoring - WARNING - Missing measurement or standard for trait: overall_proportion
2025-09-21 11:32:57,780 - modules.scoring - INFO - Animal scored with overall score: 23.3, classification: poor
2025-09-21 11:32:57,780 - modules.ui - INFO - Classification completed successfully
2025-09-21 11:33:12,466 - modules.ui - ERROR - Error saving results: ATCSystem.save_classification() missing 2 required positional arguments: 'features' and 'scores'
2025-09-21 11:33:12,466 - modules.ui - INFO - Error saving results: ATCSystem.save_classification() missing 2 required positional arguments: 'features' and 'scores'
2025-09-21 11:36:14,393 - modules.ui - INFO - User interface closed
2025-09-21 11:36:25,189 - __main__ - INFO - Starting Animal Type Classification System
2025-09-21 11:36:25,190 - main - INFO - Initializing Animal Type Classification System
2025-09-21 11:36:25,190 - modules.image_processor - INFO - Image processor initialized
2025-09-21 11:36:25,190 - modules.ai_model - INFO - Creating new feature extraction model
2025-09-21 11:36:25,884 - modules.ai_model - INFO - Initializing keypoint detection model
2025-09-21 11:36:26,316 - modules.ai_model - INFO - Keypoint model initialized
2025-09-21 11:36:26,317 - modules.ai_model - INFO - Animal classifier initialized
2025-09-21 11:36:26,318 - modules.database - INFO - Database tables created successfully
2025-09-21 11:36:26,318 - modules.database - INFO - Database initialized at c:\KARTIK\data\atc_database.db
2025-09-21 11:36:26,318 - modules.scoring - INFO - Using default scoring configuration
2025-09-21 11:36:26,318 - modules.scoring - INFO - Default scoring configuration set
2025-09-21 11:36:26,318 - modules.scoring - INFO - ATC Scorer initialized
2025-09-21 11:36:26,320 - modules.ui - INFO - User interface initialized
2025-09-21 11:36:26,320 - modules.bpa_integration - WARNING - BPA configuration file not found or not specified
2025-09-21 11:36:26,320 - modules.bpa_integration - INFO - BPA Integration initialized
2025-09-21 11:36:26,320 - main - INFO - System initialization complete
2025-09-21 11:36:26,320 - __main__ - INFO - Starting interactive mode
2025-09-21 11:36:26,321 - main - INFO - Starting Animal Type Classification System
2025-09-21 11:36:26,321 - modules.ui - INFO - Starting user interface
2025-09-21 11:36:44,624 - modules.ui - INFO - Image loaded from C:/Users/Hardik/Downloads/download.jpeg
2025-09-21 11:36:48,850 - modules.ui - INFO - Processing image...
2025-09-21 11:36:48,851 - main - INFO - Processing image: C:/Users/Hardik/Downloads/download.jpeg
2025-09-21 11:36:48,852 - modules.image_processor - INFO - Preprocessing image
2025-09-21 11:36:48,852 - modules.image_processor - INFO - Loading image from C:/Users/Hardik/Downloads/download.jpeg
2025-09-21 11:36:48,852 - modules.image_processor - INFO - Image loaded successfully
2025-09-21 11:36:48,938 - modules.image_processor - INFO - Image preprocessing completed
2025-09-21 11:36:48,938 - modules.ai_model - INFO - Extracting animal body features
2025-09-21 11:36:48,938 - modules.ai_model - INFO - Detecting animal keypoints
2025-09-21 11:36:49,631 - modules.ai_model - INFO - Detected 17 keypoints
2025-09-21 11:36:49,631 - modules.ai_model - INFO - Calculated 5 body measurements
2025-09-21 11:36:49,631 - modules.ai_model - INFO - Feature extraction completed
2025-09-21 11:36:49,631 - main - INFO - Generating classification scores
2025-09-21 11:36:49,631 - modules.scoring - INFO - Scoring animal traits for breed: unknown
2025-09-21 11:36:49,631 - modules.scoring - WARNING - No standards found for breed: unknown. Using generic standards.
2025-09-21 11:36:49,631 - modules.scoring - WARNING - Missing measurement or standard for trait: leg_structure
2025-09-21 11:36:49,632 - modules.scoring - WARNING - Missing measurement or standard for trait: overall_proportion
2025-09-21 11:36:49,632 - modules.scoring - INFO - Animal scored with overall score: 18.0, classification: poor
2025-09-21 11:36:49,632 - modules.ui - INFO - Classification completed successfully
2025-09-21 11:36:55,376 - modules.ui - INFO - Processing image...
2025-09-21 11:36:55,378 - main - INFO - Processing image: C:/Users/Hardik/Downloads/download.jpeg
2025-09-21 11:36:55,379 - modules.image_processor - INFO - Preprocessing image
2025-09-21 11:36:55,379 - modules.image_processor - INFO - Loading image from C:/Users/Hardik/Downloads/download.jpeg
2025-09-21 11:36:55,380 - modules.image_processor - INFO - Image loaded successfully
2025-09-21 11:36:55,385 - modules.image_processor - INFO - Image preprocessing completed
2025-09-21 11:36:55,385 - modules.ai_model - INFO - Extracting animal body features
2025-09-21 11:36:55,386 - modules.ai_model - INFO - Detecting animal keypoints
2025-09-21 11:36:55,464 - modules.ai_model - INFO - Detected 17 keypoints
2025-09-21 11:36:55,464 - modules.ai_model - INFO - Calculated 5 body measurements
2025-09-21 11:36:55,465 - modules.ai_model - INFO - Feature extraction completed
2025-09-21 11:36:55,465 - main - INFO - Generating classification scores
2025-09-21 11:36:55,465 - modules.scoring - INFO - Scoring animal traits for breed: unknown
2025-09-21 11:36:55,465 - modules.scoring - WARNING - No standards found for breed: unknown. Using generic standards.
2025-09-21 11:36:55,466 - modules.scoring - WARNING - Missing measurement or standard for trait: leg_structure
2025-09-21 11:36:55,466 - modules.scoring - WARNING - Missing measurement or standard for trait: overall_proportion
2025-09-21 11:36:55,466 - modules.scoring - INFO - Animal scored with overall score: 18.0, classification: poor
2025-09-21 11:36:55,466 - modules.ui - INFO - Classification completed successfully
2025-09-21 11:37:07,825 - main - INFO - Saving classification data for animal ID: None
2025-09-21 11:37:07,825 - modules.ui - ERROR - Error saving results: 'DatabaseManager' object has no attribute 'save_record'
2025-09-21 11:37:07,827 - modules.ui - INFO - Error saving results: 'DatabaseManager' object has no attribute 'save_record'
2025-09-21 11:37:12,818 - modules.ui - ERROR - Error searching for animal: 'ATCSystem' object has no attribute 'get_animal_info'
2025-09-21 11:37:12,819 - modules.ui - INFO - Error searching for animal: 'ATCSystem' object has no attribute 'get_animal_info'
2025-09-21 11:37:14,958 - modules.ui - INFO - User interface closed
2025-09-21 11:39:18,877 - __main__ - INFO - Starting Animal Type Classification System
2025-09-21 11:39:18,878 - main - INFO - Initializing Animal Type Classification System
2025-09-21 11:39:18,878 - modules.image_processor - INFO - Image processor initialized
2025-09-21 11:39:18,878 - modules.ai_model - INFO - Creating new feature extraction model
2025-09-21 11:39:19,511 - modules.ai_model - INFO - Initializing keypoint detection model
2025-09-21 11:39:19,847 - modules.ai_model - INFO - Keypoint model initialized
2025-09-21 11:39:19,847 - modules.ai_model - INFO - Animal classifier initialized
2025-09-21 11:39:19,848 - modules.database - INFO - Database tables created successfully
2025-09-21 11:39:19,848 - modules.database - INFO - Database initialized at c:\KARTIK\data\atc_database.db
2025-09-21 11:39:19,849 - modules.scoring - INFO - Using default scoring configuration
2025-09-21 11:39:19,849 - modules.scoring - INFO - Default scoring configuration set
2025-09-21 11:39:19,849 - modules.scoring - INFO - ATC Scorer initialized
2025-09-21 11:39:19,850 - modules.ui - INFO - User interface initialized
2025-09-21 11:39:19,850 - modules.bpa_integration - WARNING - BPA configuration file not found or not specified
2025-09-21 11:39:19,850 - modules.bpa_integration - INFO - BPA Integration initialized
2025-09-21 11:39:19,850 - main - INFO - System initialization complete
2025-09-21 11:39:19,850 - __main__ - INFO - Starting interactive mode
2025-09-21 11:39:19,851 - main - INFO - Starting Animal Type Classification System
2025-09-21 11:39:19,851 - modules.ui - INFO - Starting user interface
2025-09-21 11:39:24,643 - modules.ui - INFO - Image loaded from C:/Users/Hardik/Downloads/download.jpeg
2025-09-21 11:39:26,006 - modules.ui - INFO - Animal ID is required
2025-09-21 11:39:31,039 - modules.ui - INFO - Processing image...
2025-09-21 11:39:31,040 - main - INFO - Processing image: C:/Users/Hardik/Downloads/download.jpeg
2025-09-21 11:39:31,040 - modules.image_processor - INFO - Preprocessing image
2025-09-21 11:39:31,040 - modules.image_processor - INFO - Loading image from C:/Users/Hardik/Downloads/download.jpeg
2025-09-21 11:39:31,042 - modules.image_processor - INFO - Image loaded successfully
2025-09-21 11:39:31,141 - modules.image_processor - INFO - Image preprocessing completed
2025-09-21 11:39:31,141 - modules.ai_model - INFO - Extracting animal body features
2025-09-21 11:39:31,141 - modules.ai_model - INFO - Detecting animal keypoints
2025-09-21 11:39:31,849 - modules.ai_model - INFO - Detected 17 keypoints
2025-09-21 11:39:31,849 - modules.ai_model - INFO - Calculated 5 body measurements
2025-09-21 11:39:31,849 - modules.ai_model - INFO - Feature extraction completed
2025-09-21 11:39:31,849 - main - INFO - Generating classification scores
2025-09-21 11:39:31,849 - modules.scoring - INFO - Scoring animal traits for breed: unknown
2025-09-21 11:39:31,850 - modules.scoring - WARNING - No standards found for breed: unknown. Using generic standards.
2025-09-21 11:39:31,850 - modules.scoring - WARNING - Missing measurement or standard for trait: leg_structure
2025-09-21 11:39:31,850 - modules.scoring - WARNING - Missing measurement or standard for trait: overall_proportion
2025-09-21 11:39:31,850 - modules.scoring - INFO - Animal scored with overall score: 21.0, classification: poor
2025-09-21 11:39:31,851 - modules.ui - INFO - Classification completed successfully
2025-09-21 11:39:34,394 - main - INFO - Saving classification data for animal ID: None
2025-09-21 11:39:34,395 - modules.ui - ERROR - Error saving results: 'DatabaseManager' object has no attribute 'save_record'
2025-09-21 11:39:34,395 - modules.ui - INFO - Error saving results: 'DatabaseManager' object has no attribute 'save_record'
2025-09-21 11:42:04,492 - __main__ - INFO - Starting Animal Type Classification System
2025-09-21 11:42:04,493 - main - INFO - Initializing Animal Type Classification System
2025-09-21 11:42:04,493 - modules.image_processor - INFO - Image processor initialized
2025-09-21 11:42:04,493 - modules.ai_model - INFO - Creating new feature extraction model
2025-09-21 11:42:05,190 - modules.ai_model - INFO - Initializing keypoint detection model
2025-09-21 11:42:05,565 - modules.ai_model - INFO - Keypoint model initialized
2025-09-21 11:42:05,566 - modules.ai_model - INFO - Animal classifier initialized
2025-09-21 11:42:05,567 - modules.database - INFO - Database tables created successfully
2025-09-21 11:42:05,567 - modules.database - INFO - Database initialized at c:\KARTIK\data\atc_database.db
2025-09-21 11:42:05,568 - modules.scoring - INFO - Using default scoring configuration
2025-09-21 11:42:05,568 - modules.scoring - INFO - Default scoring configuration set
2025-09-21 11:42:05,568 - modules.scoring - INFO - ATC Scorer initialized
2025-09-21 11:42:05,568 - modules.ui - INFO - User interface initialized
2025-09-21 11:42:05,569 - modules.bpa_integration - WARNING - BPA configuration file not found or not specified
2025-09-21 11:42:05,569 - modules.bpa_integration - INFO - BPA Integration initialized
2025-09-21 11:42:05,569 - main - INFO - System initialization complete
2025-09-21 11:42:05,570 - __main__ - INFO - Starting interactive mode
2025-09-21 11:42:05,570 - main - INFO - Starting Animal Type Classification System
2025-09-21 11:42:05,570 - modules.ui - INFO - Starting user interface
2025-09-21 11:42:13,268 - modules.ui - INFO - Image loaded from C:/Users/Hardik/Downloads/download.jpeg
2025-09-21 11:42:14,011 - modules.ui - INFO - Processing image...
2025-09-21 11:42:14,012 - main - INFO - Processing image: C:/Users/Hardik/Downloads/download.jpeg
2025-09-21 11:42:14,012 - modules.image_processor - INFO - Preprocessing image
2025-09-21 11:42:14,012 - modules.image_processor - INFO - Loading image from C:/Users/Hardik/Downloads/download.jpeg
2025-09-21 11:42:14,013 - modules.image_processor - INFO - Image loaded successfully
2025-09-21 11:42:14,100 - modules.image_processor - INFO - Image preprocessing completed
2025-09-21 11:42:14,100 - modules.ai_model - INFO - Extracting animal body features
2025-09-21 11:42:14,101 - modules.ai_model - INFO - Detecting animal keypoints
2025-09-21 11:42:14,794 - modules.ai_model - INFO - Detected 17 keypoints
2025-09-21 11:42:14,794 - modules.ai_model - INFO - Calculated 5 body measurements
2025-09-21 11:42:14,794 - modules.ai_model - INFO - Feature extraction completed
2025-09-21 11:42:14,794 - main - INFO - Generating classification scores
2025-09-21 11:42:14,795 - modules.scoring - INFO - Scoring animal traits for breed: unknown
2025-09-21 11:42:14,795 - modules.scoring - WARNING - No standards found for breed: unknown. Using generic standards.
2025-09-21 11:42:14,795 - modules.scoring - WARNING - Missing measurement or standard for trait: leg_structure
2025-09-21 11:42:14,795 - modules.scoring - WARNING - Missing measurement or standard for trait: overall_proportion
2025-09-21 11:42:14,795 - modules.scoring - INFO - Animal scored with overall score: 18.0, classification: poor
2025-09-21 11:42:14,795 - modules.ui - INFO - Classification completed successfully
2025-09-21 11:42:16,493 - main - INFO - Saving classification data for animal ID: None
2025-09-21 11:42:16,493 - modules.database - INFO - Adding classification for animal: None
2025-09-21 11:42:16,509 - modules.database - INFO - Classification added successfully with ID: 1
2025-09-21 11:42:16,509 - main - INFO - Classification data saved successfully
2025-09-21 11:42:16,509 - modules.ui - INFO - Classification saved with ID: 1
2025-09-21 11:42:20,414 - main - INFO - Saving classification data for animal ID: None
2025-09-21 11:42:20,415 - modules.database - INFO - Adding classification for animal: None
2025-09-21 11:42:20,430 - modules.database - INFO - Classification added successfully with ID: 2
2025-09-21 11:42:20,430 - main - INFO - Classification data saved successfully
2025-09-21 11:42:20,431 - modules.ui - INFO - Syncing with BPA...
2025-09-21 11:42:20,432 - modules.ui - ERROR - Error syncing with BPA: ATCSystem.sync_with_bpa() missing 1 required positional argument: 'scores'
2025-09-21 11:42:20,433 - modules.ui - INFO - Error syncing with BPA: ATCSystem.sync_with_bpa() missing 1 required positional argument: 'scores'
2025-09-21 14:10:31,289 - __main__ - INFO - Starting Animal Type Classification System
2025-09-21 14:10:31,290 - main - INFO - Initializing Animal Type Classification System
2025-09-21 14:10:31,290 - modules.image_processor - INFO - Image processor initialized
2025-09-21 14:10:31,290 - modules.ai_model - INFO - Creating new feature extraction model
2025-09-21 14:10:32,156 - modules.ai_model - INFO - Initializing keypoint detection model
2025-09-21 14:10:32,559 - modules.ai_model - INFO - Keypoint model initialized
2025-09-21 14:10:32,560 - modules.ai_model - INFO - Animal classifier initialized
2025-09-21 14:10:32,568 - modules.database - INFO - Database tables created successfully
2025-09-21 14:10:32,569 - modules.database - INFO - Database initialized at c:\KARTIK\data\atc_database.db
2025-09-21 14:10:32,569 - modules.scoring - INFO - Using default scoring configuration
2025-09-21 14:10:32,569 - modules.scoring - INFO - Default scoring configuration set
2025-09-21 14:10:32,570 - modules.scoring - INFO - ATC Scorer initialized
2025-09-21 14:10:32,570 - modules.ui - INFO - User interface initialized
2025-09-21 14:10:32,571 - modules.bpa_integration - WARNING - BPA configuration file not found or not specified
2025-09-21 14:10:32,571 - modules.bpa_integration - INFO - BPA Integration initialized
2025-09-21 14:10:32,572 - main - INFO - System initialization complete
2025-09-21 14:10:32,572 - __main__ - INFO - Starting interactive mode
2025-09-21 14:10:32,572 - main - INFO - Starting Animal Type Classification System
2025-09-21 14:10:32,573 - modules.ui - INFO - Starting user interface
2025-09-21 14:10:36,263 - modules.ui - INFO - Camera started
2025-09-21 14:10:49,696 - modules.ui - INFO - Image loaded from C:/Users/Hardik/Downloads/download.jpeg
2025-09-21 14:11:02,614 - modules.ui - INFO - Processing image...
2025-09-21 14:11:02,615 - main - INFO - Processing image: C:/Users/Hardik/Downloads/download.jpeg
2025-09-21 14:11:02,616 - modules.image_processor - INFO - Preprocessing image
2025-09-21 14:11:02,616 - modules.image_processor - INFO - Loading image from C:/Users/Hardik/Downloads/download.jpeg
2025-09-21 14:11:02,617 - modules.image_processor - INFO - Image loaded successfully
2025-09-21 14:11:02,726 - modules.image_processor - INFO - Image preprocessing completed
2025-09-21 14:11:02,727 - modules.ai_model - INFO - Extracting animal body features
2025-09-21 14:11:02,727 - modules.ai_model - INFO - Detecting animal keypoints
2025-09-21 14:11:03,957 - modules.ai_model - INFO - Detected 17 keypoints
2025-09-21 14:11:03,957 - modules.ai_model - INFO - Calculated 5 body measurements
2025-09-21 14:11:03,958 - modules.ai_model - INFO - Feature extraction completed
2025-09-21 14:11:03,958 - main - INFO - Generating classification scores
2025-09-21 14:11:03,958 - modules.scoring - INFO - Scoring animal traits for breed: unknown
2025-09-21 14:11:03,960 - modules.scoring - WARNING - No standards found for breed: unknown. Using generic standards.
2025-09-21 14:11:03,960 - modules.scoring - WARNING - Missing measurement or standard for trait: leg_structure
2025-09-21 14:11:03,960 - modules.scoring - WARNING - Missing measurement or standard for trait: overall_proportion
2025-09-21 14:11:03,961 - modules.scoring - INFO - Animal scored with overall score: 18.0, classification: poor
2025-09-21 14:11:03,961 - modules.ui - INFO - Classification completed successfully
2025-09-21 14:11:06,664 - main - INFO - Saving classification data for animal ID: None
2025-09-21 14:11:06,664 - modules.database - INFO - Adding classification for animal: None
2025-09-21 14:11:06,674 - modules.database - INFO - Classification added successfully with ID: 3
2025-09-21 14:11:06,675 - main - INFO - Classification data saved successfully
2025-09-21 14:11:06,675 - modules.ui - INFO - Classification saved with ID: 3
2025-09-21 14:11:11,186 - main - INFO - Saving classification data for animal ID: None
2025-09-21 14:11:11,187 - modules.database - INFO - Adding classification for animal: None
2025-09-21 14:11:11,196 - modules.database - INFO - Classification added successfully with ID: 4
2025-09-21 14:11:11,196 - main - INFO - Classification data saved successfully
2025-09-21 14:11:11,197 - modules.ui - INFO - Syncing with BPA...
2025-09-21 14:11:11,208 - modules.ui - ERROR - Error syncing with BPA: ATCSystem.sync_with_bpa() missing 1 required positional argument: 'scores'
2025-09-21 14:11:11,208 - modules.ui - INFO - Error syncing with BPA: ATCSystem.sync_with_bpa() missing 1 required positional argument: 'scores'
2025-09-21 14:11:13,826 - modules.ui - INFO - User interface closed
2025-09-21 14:14:54,205 - __main__ - INFO - Starting Animal Type Classification System
2025-09-21 14:14:54,205 - main - INFO - Initializing Animal Type Classification System
2025-09-21 14:14:54,206 - modules.image_processor - INFO - Image processor initialized
2025-09-21 14:14:54,206 - modules.ai_model - INFO - Creating new feature extraction model
2025-09-21 14:14:55,015 - modules.ai_model - INFO - Initializing keypoint detection model
2025-09-21 14:14:55,432 - modules.ai_model - INFO - Keypoint model initialized
2025-09-21 14:14:55,433 - modules.ai_model - INFO - Animal classifier initialized
2025-09-21 14:14:55,453 - modules.database - INFO - Database tables created successfully
2025-09-21 14:14:55,454 - modules.database - INFO - Database initialized at c:\KARTIK\data\atc_database.db
2025-09-21 14:14:55,455 - modules.scoring - INFO - Using default scoring configuration
2025-09-21 14:14:55,455 - modules.scoring - INFO - Default scoring configuration set
2025-09-21 14:14:55,455 - modules.scoring - INFO - ATC Scorer initialized
2025-09-21 14:14:55,455 - modules.ui - INFO - User interface initialized
2025-09-21 14:14:55,456 - modules.bpa_integration - WARNING - BPA configuration file not found or not specified
2025-09-21 14:14:55,456 - modules.bpa_integration - INFO - BPA Integration initialized
2025-09-21 14:14:55,456 - main - INFO - System initialization complete
2025-09-21 14:14:55,456 - __main__ - INFO - Starting interactive mode
2025-09-21 14:14:55,457 - main - INFO - Starting Animal Type Classification System
2025-09-21 14:14:55,457 - modules.ui - INFO - Starting user interface
2025-09-21 14:15:04,834 - modules.ui - INFO - Image loaded from C:/Users/Hardik/Downloads/download.jpeg
2025-09-21 14:15:05,884 - modules.ui - INFO - Processing image...
2025-09-21 14:15:05,885 - main - INFO - Processing image: C:/Users/Hardik/Downloads/download.jpeg
2025-09-21 14:15:05,886 - modules.image_processor - INFO - Preprocessing image
2025-09-21 14:15:05,886 - modules.image_processor - INFO - Loading image from C:/Users/Hardik/Downloads/download.jpeg
2025-09-21 14:15:05,887 - modules.image_processor - INFO - Image loaded successfully
2025-09-21 14:15:05,974 - modules.image_processor - INFO - Image preprocessing completed
2025-09-21 14:15:05,974 - modules.ai_model - INFO - Extracting animal body features
2025-09-21 14:15:05,974 - modules.ai_model - INFO - Detecting animal keypoints
2025-09-21 14:15:06,732 - modules.ai_model - INFO - Detected 17 keypoints
2025-09-21 14:15:06,733 - modules.ai_model - INFO - Calculated 5 body measurements
2025-09-21 14:15:06,733 - modules.ai_model - INFO - Feature extraction completed
2025-09-21 14:15:06,733 - main - INFO - Generating classification scores
2025-09-21 14:15:06,734 - modules.scoring - INFO - Scoring animal traits for breed: unknown
2025-09-21 14:15:06,734 - modules.scoring - WARNING - No standards found for breed: unknown. Using generic standards.
2025-09-21 14:15:06,751 - modules.scoring - WARNING - Missing measurement or standard for trait: leg_structure
2025-09-21 14:15:06,751 - modules.scoring - WARNING - Missing measurement or standard for trait: overall_proportion
2025-09-21 14:15:06,751 - modules.scoring - INFO - Animal scored with overall score: 31.6, classification: poor
2025-09-21 14:15:06,754 - modules.ui - INFO - Classification completed successfully
2025-09-21 14:15:09,132 - main - INFO - Saving classification data for animal ID: None
2025-09-21 14:15:09,132 - modules.database - INFO - Adding classification for animal: None
2025-09-21 14:15:09,335 - modules.database - INFO - Classification added successfully with ID: 5
2025-09-21 14:15:09,335 - main - INFO - Classification data saved successfully
2025-09-21 14:15:09,336 - modules.ui - INFO - Classification saved with ID: 5
2025-09-21 14:15:11,507 - main - INFO - Saving classification data for animal ID: None
2025-09-21 14:15:11,509 - modules.database - INFO - Adding classification for animal: None
2025-09-21 14:15:11,734 - modules.database - INFO - Classification added successfully with ID: 6
2025-09-21 14:15:11,735 - main - INFO - Classification data saved successfully
2025-09-21 14:15:11,735 - modules.ui - INFO - Syncing with BPA...
2025-09-21 14:15:11,741 - main - INFO - Syncing data with BPA for animal ID: None
2025-09-21 14:15:11,741 - modules.ui - ERROR - Error syncing with BPA: 'BPAIntegrator' object has no attribute 'sync_data'
2025-09-21 14:15:11,742 - modules.ui - INFO - Error syncing with BPA: 'BPAIntegrator' object has no attribute 'sync_data'
2025-09-21 14:30:34,056 - modules.ui - INFO - User interface closed
2025-09-21 14:32:45,002 - __main__ - INFO - Starting Animal Type Classification System
2025-09-21 14:32:45,003 - main - INFO - Initializing Animal Type Classification System
2025-09-21 14:32:45,003 - modules.image_processor - INFO - Image processor initialized
2025-09-21 14:32:45,003 - modules.ai_model - INFO - Creating new feature extraction model
2025-09-21 14:32:45,754 - modules.ai_model - INFO - Initializing keypoint detection model
2025-09-21 14:32:46,143 - modules.ai_model - INFO - Keypoint model initialized
2025-09-21 14:32:46,143 - modules.ai_model - INFO - Animal classifier initialized
2025-09-21 14:32:46,157 - modules.database - INFO - Database tables created successfully
2025-09-21 14:32:46,157 - modules.database - INFO - Database initialized at c:\KARTIK\data\atc_database.db
2025-09-21 14:32:46,157 - modules.scoring - INFO - Using default scoring configuration
2025-09-21 14:32:46,158 - modules.scoring - INFO - Default scoring configuration set
2025-09-21 14:32:46,159 - modules.scoring - INFO - ATC Scorer initialized
2025-09-21 14:32:46,159 - modules.ui - INFO - User interface initialized
2025-09-21 14:32:46,159 - modules.bpa_integration - WARNING - BPA configuration file not found or not specified
2025-09-21 14:32:46,160 - modules.bpa_integration - INFO - BPA Integration initialized
2025-09-21 14:32:46,160 - main - INFO - System initialization complete
2025-09-21 14:32:46,161 - __main__ - INFO - Starting interactive mode
2025-09-21 14:32:46,162 - main - INFO - Starting Animal Type Classification System
2025-09-21 14:32:46,162 - modules.ui - INFO - Starting user interface
2025-09-21 14:32:52,035 - modules.ui - INFO - Image loaded from C:/Users/Hardik/Downloads/download.jpeg
2025-09-21 14:32:53,564 - modules.ui - INFO - Animal ID is required
2025-09-21 14:32:58,548 - modules.ui - INFO - Processing image...
2025-09-21 14:32:58,550 - main - INFO - Processing image: C:/Users/Hardik/Downloads/download.jpeg
2025-09-21 14:32:58,550 - modules.image_processor - INFO - Preprocessing image
2025-09-21 14:32:58,551 - modules.image_processor - INFO - Loading image from C:/Users/Hardik/Downloads/download.jpeg
2025-09-21 14:32:58,552 - modules.image_processor - INFO - Image loaded successfully
2025-09-21 14:32:58,645 - modules.image_processor - INFO - Image preprocessing completed
2025-09-21 14:32:58,646 - modules.ai_model - INFO - Extracting animal body features
2025-09-21 14:32:58,646 - modules.ai_model - INFO - Detecting animal keypoints
2025-09-21 14:32:59,415 - modules.ai_model - INFO - Detected 17 keypoints
2025-09-21 14:32:59,415 - modules.ai_model - INFO - Calculated 5 body measurements
2025-09-21 14:32:59,415 - modules.ai_model - INFO - Feature extraction completed
2025-09-21 14:32:59,416 - main - INFO - Generating classification scores
2025-09-21 14:32:59,416 - modules.scoring - INFO - Scoring animal traits for breed: unknown
2025-09-21 14:32:59,416 - modules.scoring - WARNING - No standards found for breed: unknown. Using generic standards.
2025-09-21 14:32:59,416 - modules.scoring - WARNING - Missing measurement or standard for trait: leg_structure
2025-09-21 14:32:59,416 - modules.scoring - WARNING - Missing measurement or standard for trait: overall_proportion
2025-09-21 14:32:59,417 - modules.scoring - INFO - Animal scored with overall score: 18.0, classification: poor
2025-09-21 14:32:59,417 - modules.ui - INFO - Classification completed successfully
2025-09-21 14:33:01,429 - modules.ui - INFO - Processing image...
2025-09-21 14:33:01,430 - main - INFO - Processing image: C:/Users/Hardik/Downloads/download.jpeg
2025-09-21 14:33:01,431 - modules.image_processor - INFO - Preprocessing image
2025-09-21 14:33:01,431 - modules.image_processor - INFO - Loading image from C:/Users/Hardik/Downloads/download.jpeg
2025-09-21 14:33:01,432 - modules.image_processor - INFO - Image loaded successfully
2025-09-21 14:33:01,438 - modules.image_processor - INFO - Image preprocessing completed
2025-09-21 14:33:01,438 - modules.ai_model - INFO - Extracting animal body features
2025-09-21 14:33:01,438 - modules.ai_model - INFO - Detecting animal keypoints
2025-09-21 14:33:01,554 - modules.ai_model - INFO - Detected 17 keypoints
2025-09-21 14:33:01,554 - modules.ai_model - INFO - Calculated 5 body measurements
2025-09-21 14:33:01,554 - modules.ai_model - INFO - Feature extraction completed
2025-09-21 14:33:01,554 - main - INFO - Generating classification scores
2025-09-21 14:33:01,555 - modules.scoring - INFO - Scoring animal traits for breed: unknown
2025-09-21 14:33:01,555 - modules.scoring - WARNING - No standards found for breed: unknown. Using generic standards.
2025-09-21 14:33:01,555 - modules.scoring - WARNING - Missing measurement or standard for trait: leg_structure
2025-09-21 14:33:01,556 - modules.scoring - WARNING - Missing measurement or standard for trait: overall_proportion
2025-09-21 14:33:01,556 - modules.scoring - INFO - Animal scored with overall score: 18.0, classification: poor
2025-09-21 14:33:01,556 - modules.ui - INFO - Classification completed successfully
2025-09-21 14:33:02,522 - main - INFO - Saving classification data for animal ID: None
2025-09-21 14:33:02,523 - modules.database - INFO - Adding classification for animal: None
2025-09-21 14:33:02,532 - modules.database - INFO - Classification added successfully with ID: 7
2025-09-21 14:33:02,532 - main - INFO - Classification data saved successfully
2025-09-21 14:33:02,532 - modules.ui - INFO - Classification saved with ID: 7
2025-09-21 14:33:04,510 - main - INFO - Saving classification data for animal ID: None
2025-09-21 14:33:04,510 - modules.database - INFO - Adding classification for animal: None
2025-09-21 14:33:04,596 - modules.database - INFO - Classification added successfully with ID: 8
2025-09-21 14:33:04,596 - main - INFO - Classification data saved successfully
2025-09-21 14:33:04,597 - modules.ui - INFO - Syncing with BPA...
2025-09-21 14:33:04,598 - main - INFO - Syncing data with BPA for animal ID: None
2025-09-21 14:33:04,598 - modules.bpa_integration - INFO - Syncing data for animal_id=None with BPA (placeholder)
2025-09-21 14:33:04,598 - main - INFO - Data synced with BPA successfully
2025-09-21 14:33:04,599 - modules.ui - INFO - Sync with BPA completed successfully
2025-09-21 14:33:12,630 - modules.ui - INFO - User interface closed
2025-09-21 14:36:21,160 - __main__ - INFO - Starting Animal Type Classification System
2025-09-21 14:36:21,161 - main - INFO - Initializing Animal Type Classification System
2025-09-21 14:36:21,161 - modules.image_processor - INFO - Image processor initialized
2025-09-21 14:36:21,161 - modules.ai_model - INFO - Creating new feature extraction model
2025-09-21 14:36:22,029 - modules.ai_model - INFO - Initializing keypoint detection model
2025-09-21 14:36:22,420 - modules.ai_model - INFO - Keypoint model initialized
2025-09-21 14:36:22,421 - modules.ai_model - INFO - Animal classifier initialized
2025-09-21 14:36:22,422 - modules.database - INFO - Database tables created successfully
2025-09-21 14:36:22,422 - modules.database - INFO - Database initialized at c:\KARTIK\data\atc_database.db
2025-09-21 14:36:22,423 - modules.scoring - INFO - Using default scoring configuration
2025-09-21 14:36:22,423 - modules.scoring - INFO - Default scoring configuration set
2025-09-21 14:36:22,423 - modules.scoring - INFO - ATC Scorer initialized
2025-09-21 14:36:22,423 - modules.ui - INFO - User interface initialized
2025-09-21 14:36:22,424 - modules.bpa_integration - WARNING - BPA configuration file not found or not specified
2025-09-21 14:36:22,424 - modules.bpa_integration - INFO - BPA Integration initialized
2025-09-21 14:36:22,424 - main - INFO - System initialization complete
2025-09-21 14:36:22,424 - __main__ - INFO - Starting interactive mode
2025-09-21 14:36:22,425 - main - INFO - Starting Animal Type Classification System
2025-09-21 14:36:22,425 - modules.ui - INFO - Starting user interface
2025-09-21 14:37:43,950 - modules.ui - INFO - Image loaded from C:/Users/Hardik/Downloads/download (1).jpeg
2025-09-21 14:37:46,988 - modules.ui - INFO - Image loaded from C:/Users/Hardik/Downloads/download (2).jpeg
2025-09-21 14:38:01,021 - modules.ui - INFO - Animal ID is required
2025-09-21 14:38:08,707 - modules.ui - INFO - Processing image...
2025-09-21 14:38:08,708 - main - INFO - Processing image: C:/Users/Hardik/Downloads/download (2).jpeg
2025-09-21 14:38:08,709 - modules.image_processor - INFO - Preprocessing image
2025-09-21 14:38:08,709 - modules.image_processor - INFO - Loading image from C:/Users/Hardik/Downloads/download (2).jpeg
2025-09-21 14:38:08,710 - modules.image_processor - INFO - Image loaded successfully
2025-09-21 14:38:08,798 - modules.image_processor - INFO - Image preprocessing completed
2025-09-21 14:38:08,798 - modules.ai_model - INFO - Extracting animal body features
2025-09-21 14:38:08,798 - modules.ai_model - INFO - Detecting animal keypoints
2025-09-21 14:38:09,539 - modules.ai_model - INFO - Detected 17 keypoints
2025-09-21 14:38:09,541 - modules.ai_model - INFO - Calculated 5 body measurements
2025-09-21 14:38:09,541 - modules.ai_model - INFO - Feature extraction completed
2025-09-21 14:38:09,541 - main - INFO - Generating classification scores
2025-09-21 14:38:09,541 - modules.scoring - INFO - Scoring animal traits for breed: unknown
2025-09-21 14:38:09,542 - modules.scoring - WARNING - No standards found for breed: unknown. Using generic standards.
2025-09-21 14:38:09,542 - modules.scoring - WARNING - Missing measurement or standard for trait: leg_structure
2025-09-21 14:38:09,542 - modules.scoring - WARNING - Missing measurement or standard for trait: overall_proportion
2025-09-21 14:38:09,542 - modules.scoring - INFO - Animal scored with overall score: 32.1, classification: poor
2025-09-21 14:38:09,543 - modules.ui - INFO - Classification completed successfully
2025-09-21 14:38:13,358 - main - INFO - Saving classification data for animal ID: None
2025-09-21 14:38:13,359 - modules.database - INFO - Adding classification for animal: None
2025-09-21 14:38:13,490 - modules.database - INFO - Classification added successfully with ID: 9
2025-09-21 14:38:13,491 - main - INFO - Classification data saved successfully
2025-09-21 14:38:13,492 - modules.ui - INFO - Classification saved with ID: 9
2025-09-21 14:38:16,581 - main - INFO - Saving classification data for animal ID: None
2025-09-21 14:38:16,582 - modules.database - INFO - Adding classification for animal: None
2025-09-21 14:38:16,595 - modules.database - INFO - Classification added successfully with ID: 10
2025-09-21 14:38:16,596 - main - INFO - Classification data saved successfully
2025-09-21 14:38:16,596 - modules.ui - INFO - Syncing with BPA...
2025-09-21 14:38:16,597 - main - INFO - Syncing data with BPA for animal ID: None
2025-09-21 14:38:16,598 - modules.bpa_integration - INFO - Syncing data for animal_id=None with BPA (placeholder)
2025-09-21 14:38:16,598 - main - INFO - Data synced with BPA successfully
2025-09-21 14:38:16,598 - modules.ui - INFO - Sync with BPA completed successfully
2025-09-21 14:38:20,098 - modules.ui - INFO - All data cleared
2025-09-21 14:38:25,545 - modules.ui - INFO - Image loaded from C:/Users/Hardik/Downloads/download (2).jpeg
2025-09-21 14:38:29,434 - modules.ui - INFO - Image loaded from C:/Users/Hardik/Downloads/download (1).jpeg
2025-09-21 14:38:30,990 - modules.ui - INFO - Animal ID is required
2025-09-21 14:38:42,960 - modules.ui - INFO - Processing image...
2025-09-21 14:38:42,961 - main - INFO - Processing image: C:/Users/Hardik/Downloads/download (1).jpeg
2025-09-21 14:38:42,962 - modules.image_processor - INFO - Preprocessing image
2025-09-21 14:38:42,962 - modules.image_processor - INFO - Loading image from C:/Users/Hardik/Downloads/download (1).jpeg
2025-09-21 14:38:42,964 - modules.image_processor - INFO - Image loaded successfully
2025-09-21 14:38:42,969 - modules.image_processor - INFO - Image preprocessing completed
2025-09-21 14:38:42,970 - modules.ai_model - INFO - Extracting animal body features
2025-09-21 14:38:42,970 - modules.ai_model - INFO - Detecting animal keypoints
2025-09-21 14:38:43,057 - modules.ai_model - INFO - Detected 17 keypoints
2025-09-21 14:38:43,057 - modules.ai_model - INFO - Calculated 5 body measurements
2025-09-21 14:38:43,057 - modules.ai_model - INFO - Feature extraction completed
2025-09-21 14:38:43,058 - main - INFO - Generating classification scores
2025-09-21 14:38:43,058 - modules.scoring - INFO - Scoring animal traits for breed: unknown
2025-09-21 14:38:43,058 - modules.scoring - WARNING - No standards found for breed: unknown. Using generic standards.
2025-09-21 14:38:43,058 - modules.scoring - WARNING - Missing measurement or standard for trait: leg_structure
2025-09-21 14:38:43,059 - modules.scoring - WARNING - Missing measurement or standard for trait: overall_proportion
2025-09-21 14:38:43,059 - modules.scoring - INFO - Animal scored with overall score: 32.2, classification: poor
2025-09-21 14:38:43,060 - modules.ui - INFO - Classification completed successfully
2025-09-21 14:38:50,058 - modules.ui - INFO - Processing image...
2025-09-21 14:38:50,060 - main - INFO - Processing image: C:/Users/Hardik/Downloads/download (1).jpeg
2025-09-21 14:38:50,060 - modules.image_processor - INFO - Preprocessing image
2025-09-21 14:38:50,061 - modules.image_processor - INFO - Loading image from C:/Users/Hardik/Downloads/download (1).jpeg
2025-09-21 14:38:50,062 - modules.image_processor - INFO - Image loaded successfully
2025-09-21 14:38:50,067 - modules.image_processor - INFO - Image preprocessing completed
2025-09-21 14:38:50,068 - modules.ai_model - INFO - Extracting animal body features
2025-09-21 14:38:50,068 - modules.ai_model - INFO - Detecting animal keypoints
2025-09-21 14:38:50,152 - modules.ai_model - INFO - Detected 17 keypoints
2025-09-21 14:38:50,152 - modules.ai_model - INFO - Calculated 5 body measurements
2025-09-21 14:38:50,153 - modules.ai_model - INFO - Feature extraction completed
2025-09-21 14:38:50,153 - main - INFO - Generating classification scores
2025-09-21 14:38:50,153 - modules.scoring - INFO - Scoring animal traits for breed: unknown
2025-09-21 14:38:50,153 - modules.scoring - WARNING - No standards found for breed: unknown. Using generic standards.
2025-09-21 14:38:50,154 - modules.scoring - WARNING - Missing measurement or standard for trait: leg_structure
2025-09-21 14:38:50,154 - modules.scoring - WARNING - Missing measurement or standard for trait: overall_proportion
2025-09-21 14:38:50,154 - modules.scoring - INFO - Animal scored with overall score: 32.2, classification: poor
2025-09-21 14:38:50,155 - modules.ui - INFO - Classification completed successfully
2025-09-21 14:38:53,728 - modules.ui - INFO - Processing image...
2025-09-21 14:38:53,731 - main - INFO - Processing image: C:/Users/Hardik/Downloads/download (1).jpeg
2025-09-21 14:38:53,731 - modules.image_processor - INFO - Preprocessing image
2025-09-21 14:38:53,732 - modules.image_processor - INFO - Loading image from C:/Users/Hardik/Downloads/download (1).jpeg
2025-09-21 14:38:53,733 - modules.image_processor - INFO - Image loaded successfully
2025-09-21 14:38:53,739 - modules.image_processor - INFO - Image preprocessing completed
2025-09-21 14:38:53,739 - modules.ai_model - INFO - Extracting animal body features
2025-09-21 14:38:53,739 - modules.ai_model - INFO - Detecting animal keypoints
2025-09-21 14:38:53,819 - modules.ai_model - INFO - Detected 17 keypoints
2025-09-21 14:38:53,819 - modules.ai_model - INFO - Calculated 5 body measurements
2025-09-21 14:38:53,820 - modules.ai_model - INFO - Feature extraction completed
2025-09-21 14:38:53,820 - main - INFO - Generating classification scores
2025-09-21 14:38:53,820 - modules.scoring - INFO - Scoring animal traits for breed: unknown
2025-09-21 14:38:53,820 - modules.scoring - WARNING - No standards found for breed: unknown. Using generic standards.
2025-09-21 14:38:53,820 - modules.scoring - WARNING - Missing measurement or standard for trait: leg_structure
2025-09-21 14:38:53,821 - modules.scoring - WARNING - Missing measurement or standard for trait: overall_proportion
2025-09-21 14:38:53,821 - modules.scoring - INFO - Animal scored with overall score: 32.2, classification: poor
2025-09-21 14:38:53,822 - modules.ui - INFO - Classification completed successfully
2025-09-21 14:38:57,365 - modules.ui - INFO - Processing image...
2025-09-21 14:38:57,366 - main - INFO - Processing image: C:/Users/Hardik/Downloads/download (1).jpeg
2025-09-21 14:38:57,367 - modules.image_processor - INFO - Preprocessing image
2025-09-21 14:38:57,367 - modules.image_processor - INFO - Loading image from C:/Users/Hardik/Downloads/download (1).jpeg
2025-09-21 14:38:57,368 - modules.image_processor - INFO - Image loaded successfully
2025-09-21 14:38:57,373 - modules.image_processor - INFO - Image preprocessing completed
2025-09-21 14:38:57,373 - modules.ai_model - INFO - Extracting animal body features
2025-09-21 14:38:57,374 - modules.ai_model - INFO - Detecting animal keypoints
2025-09-21 14:38:57,456 - modules.ai_model - INFO - Detected 17 keypoints
2025-09-21 14:38:57,456 - modules.ai_model - INFO - Calculated 5 body measurements
2025-09-21 14:38:57,457 - modules.ai_model - INFO - Feature extraction completed
2025-09-21 14:38:57,457 - main - INFO - Generating classification scores
2025-09-21 14:38:57,457 - modules.scoring - INFO - Scoring animal traits for breed: unknown
2025-09-21 14:38:57,457 - modules.scoring - WARNING - No standards found for breed: unknown. Using generic standards.
2025-09-21 14:38:57,458 - modules.scoring - WARNING - Missing measurement or standard for trait: leg_structure
2025-09-21 14:38:57,458 - modules.scoring - WARNING - Missing measurement or standard for trait: overall_proportion
2025-09-21 14:38:57,458 - modules.scoring - INFO - Animal scored with overall score: 32.2, classification: poor
2025-09-21 14:38:57,458 - modules.ui - INFO - Classification completed successfully
2025-09-21 14:39:01,226 - modules.ui - INFO - Processing image...
2025-09-21 14:39:01,227 - main - INFO - Processing image: C:/Users/Hardik/Downloads/download (1).jpeg
2025-09-21 14:39:01,227 - modules.image_processor - INFO - Preprocessing image
2025-09-21 14:39:01,227 - modules.image_processor - INFO - Loading image from C:/Users/Hardik/Downloads/download (1).jpeg
2025-09-21 14:39:01,229 - modules.image_processor - INFO - Image loaded successfully
2025-09-21 14:39:01,233 - modules.image_processor - INFO - Image preprocessing completed
2025-09-21 14:39:01,233 - modules.ai_model - INFO - Extracting animal body features
2025-09-21 14:39:01,234 - modules.ai_model - INFO - Detecting animal keypoints
2025-09-21 14:39:01,306 - modules.ai_model - INFO - Detected 17 keypoints
2025-09-21 14:39:01,307 - modules.ai_model - INFO - Calculated 5 body measurements
2025-09-21 14:39:01,307 - modules.ai_model - INFO - Feature extraction completed
2025-09-21 14:39:01,307 - main - INFO - Generating classification scores
2025-09-21 14:39:01,307 - modules.scoring - INFO - Scoring animal traits for breed: unknown
2025-09-21 14:39:01,307 - modules.scoring - WARNING - No standards found for breed: unknown. Using generic standards.
2025-09-21 14:39:01,308 - modules.scoring - WARNING - Missing measurement or standard for trait: leg_structure
2025-09-21 14:39:01,308 - modules.scoring - WARNING - Missing measurement or standard for trait: overall_proportion
2025-09-21 14:39:01,308 - modules.scoring - INFO - Animal scored with overall score: 32.2, classification: poor
2025-09-21 14:39:01,309 - modules.ui - INFO - Classification completed successfully
2025-09-21 14:39:01,416 - modules.ui - INFO - Processing image...
2025-09-21 14:39:01,418 - main - INFO - Processing image: C:/Users/Hardik/Downloads/download (1).jpeg
2025-09-21 14:39:01,418 - modules.image_processor - INFO - Preprocessing image
2025-09-21 14:39:01,419 - modules.image_processor - INFO - Loading image from C:/Users/Hardik/Downloads/download (1).jpeg
2025-09-21 14:39:01,420 - modules.image_processor - INFO - Image loaded successfully
2025-09-21 14:39:01,423 - modules.image_processor - INFO - Image preprocessing completed
2025-09-21 14:39:01,424 - modules.ai_model - INFO - Extracting animal body features
2025-09-21 14:39:01,424 - modules.ai_model - INFO - Detecting animal keypoints
2025-09-21 14:39:01,504 - modules.ai_model - INFO - Detected 17 keypoints
2025-09-21 14:39:01,504 - modules.ai_model - INFO - Calculated 5 body measurements
2025-09-21 14:39:01,505 - modules.ai_model - INFO - Feature extraction completed
2025-09-21 14:39:01,505 - main - INFO - Generating classification scores
2025-09-21 14:39:01,505 - modules.scoring - INFO - Scoring animal traits for breed: unknown
2025-09-21 14:39:01,505 - modules.scoring - WARNING - No standards found for breed: unknown. Using generic standards.
2025-09-21 14:39:01,506 - modules.scoring - WARNING - Missing measurement or standard for trait: leg_structure
2025-09-21 14:39:01,506 - modules.scoring - WARNING - Missing measurement or standard for trait: overall_proportion
2025-09-21 14:39:01,506 - modules.scoring - INFO - Animal scored with overall score: 32.2, classification: poor
2025-09-21 14:39:01,507 - modules.ui - INFO - Classification completed successfully
2025-09-21 14:39:02,085 - modules.ui - INFO - Processing image...
2025-09-21 14:39:02,086 - main - INFO - Processing image: C:/Users/Hardik/Downloads/download (1).jpeg
2025-09-21 14:39:02,087 - modules.image_processor - INFO - Preprocessing image
2025-09-21 14:39:02,087 - modules.image_processor - INFO - Loading image from C:/Users/Hardik/Downloads/download (1).jpeg
2025-09-21 14:39:02,089 - modules.image_processor - INFO - Image loaded successfully
2025-09-21 14:39:02,094 - modules.image_processor - INFO - Image preprocessing completed
2025-09-21 14:39:02,094 - modules.ai_model - INFO - Extracting animal body features
2025-09-21 14:39:02,095 - modules.ai_model - INFO - Detecting animal keypoints
2025-09-21 14:39:02,173 - modules.ai_model - INFO - Detected 17 keypoints
2025-09-21 14:39:02,174 - modules.ai_model - INFO - Calculated 5 body measurements
2025-09-21 14:39:02,174 - modules.ai_model - INFO - Feature extraction completed
2025-09-21 14:39:02,174 - main - INFO - Generating classification scores
2025-09-21 14:39:02,175 - modules.scoring - INFO - Scoring animal traits for breed: unknown
2025-09-21 14:39:02,175 - modules.scoring - WARNING - No standards found for breed: unknown. Using generic standards.
2025-09-21 14:39:02,175 - modules.scoring - WARNING - Missing measurement or standard for trait: leg_structure
2025-09-21 14:39:02,175 - modules.scoring - WARNING - Missing measurement or standard for trait: overall_proportion
2025-09-21 14:39:02,175 - modules.scoring - INFO - Animal scored with overall score: 32.2, classification: poor
2025-09-21 14:39:02,176 - modules.ui - INFO - Classification completed successfully
2025-09-21 14:39:02,325 - modules.ui - INFO - Processing image...
2025-09-21 14:39:02,326 - main - INFO - Processing image: C:/Users/Hardik/Downloads/download (1).jpeg
2025-09-21 14:39:02,327 - modules.image_processor - INFO - Preprocessing image
2025-09-21 14:39:02,328 - modules.image_processor - INFO - Loading image from C:/Users/Hardik/Downloads/download (1).jpeg
2025-09-21 14:39:02,329 - modules.image_processor - INFO - Image loaded successfully
2025-09-21 14:39:02,332 - modules.image_processor - INFO - Image preprocessing completed
2025-09-21 14:39:02,332 - modules.ai_model - INFO - Extracting animal body features
2025-09-21 14:39:02,334 - modules.ai_model - INFO - Detecting animal keypoints
2025-09-21 14:39:02,415 - modules.ai_model - INFO - Detected 17 keypoints
2025-09-21 14:39:02,416 - modules.ai_model - INFO - Calculated 5 body measurements
2025-09-21 14:39:02,416 - modules.ai_model - INFO - Feature extraction completed
2025-09-21 14:39:02,416 - main - INFO - Generating classification scores
2025-09-21 14:39:02,416 - modules.scoring - INFO - Scoring animal traits for breed: unknown
2025-09-21 14:39:02,416 - modules.scoring - WARNING - No standards found for breed: unknown. Using generic standards.
2025-09-21 14:39:02,417 - modules.scoring - WARNING - Missing measurement or standard for trait: leg_structure
2025-09-21 14:39:02,417 - modules.scoring - WARNING - Missing measurement or standard for trait: overall_proportion
2025-09-21 14:39:02,417 - modules.scoring - INFO - Animal scored with overall score: 32.2, classification: poor
2025-09-21 14:39:02,418 - modules.ui - INFO - Classification completed successfully
2025-09-21 14:39:03,112 - modules.ui - INFO - Processing image...
2025-09-21 14:39:03,114 - main - INFO - Processing image: C:/Users/Hardik/Downloads/download (1).jpeg
2025-09-21 14:39:03,115 - modules.image_processor - INFO - Preprocessing image
2025-09-21 14:39:03,115 - modules.image_processor - INFO - Loading image from C:/Users/Hardik/Downloads/download (1).jpeg
2025-09-21 14:39:03,117 - modules.image_processor - INFO - Image loaded successfully
2025-09-21 14:39:03,123 - modules.image_processor - INFO - Image preprocessing completed
2025-09-21 14:39:03,123 - modules.ai_model - INFO - Extracting animal body features
2025-09-21 14:39:03,123 - modules.ai_model - INFO - Detecting animal keypoints
2025-09-21 14:39:03,207 - modules.ai_model - INFO - Detected 17 keypoints
2025-09-21 14:39:03,208 - modules.ai_model - INFO - Calculated 5 body measurements
2025-09-21 14:39:03,208 - modules.ai_model - INFO - Feature extraction completed
2025-09-21 14:39:03,208 - main - INFO - Generating classification scores
2025-09-21 14:39:03,208 - modules.scoring - INFO - Scoring animal traits for breed: unknown
2025-09-21 14:39:03,209 - modules.scoring - WARNING - No standards found for breed: unknown. Using generic standards.
2025-09-21 14:39:03,209 - modules.scoring - WARNING - Missing measurement or standard for trait: leg_structure
2025-09-21 14:39:03,209 - modules.scoring - WARNING - Missing measurement or standard for trait: overall_proportion
2025-09-21 14:39:03,210 - modules.scoring - INFO - Animal scored with overall score: 32.2, classification: poor
2025-09-21 14:39:03,210 - modules.ui - INFO - Classification completed successfully
2025-09-21 14:39:58,904 - modules.ui - INFO - User interface closed
2025-09-21 16:05:25,795 - __main__ - INFO - Starting Animal Type Classification System
2025-09-21 16:05:25,796 - main - INFO - Initializing Animal Type Classification System
2025-09-21 16:05:25,796 - modules.image_processor - INFO - Image processor initialized
2025-09-21 16:05:25,796 - modules.ai_model - INFO - Creating new feature extraction model
2025-09-21 16:05:26,705 - modules.ai_model - INFO - Initializing keypoint detection model
2025-09-21 16:05:27,100 - modules.ai_model - INFO - Keypoint model initialized
2025-09-21 16:05:27,101 - modules.ai_model - INFO - Animal classifier initialized
2025-09-21 16:05:27,109 - modules.database - INFO - Database tables created successfully
2025-09-21 16:05:27,110 - modules.database - INFO - Database initialized at c:\KARTIK\data\atc_database.db
2025-09-21 16:05:27,110 - modules.scoring - INFO - Using default scoring configuration
2025-09-21 16:05:27,110 - modules.scoring - INFO - Default scoring configuration set
2025-09-21 16:05:27,110 - modules.scoring - INFO - ATC Scorer initialized
2025-09-21 16:05:27,110 - modules.ui - INFO - User interface initialized
2025-09-21 16:05:27,110 - modules.bpa_integration - WARNING - BPA configuration file not found or not specified
2025-09-21 16:05:27,110 - modules.bpa_integration - INFO - BPA Integration initialized
2025-09-21 16:05:27,110 - main - INFO - System initialization complete
2025-09-21 16:05:27,111 - __main__ - INFO - Starting interactive mode
2025-09-21 16:05:27,111 - main - INFO - Starting Animal Type Classification System
2025-09-21 16:05:27,111 - modules.ui - INFO - Starting user interface
2025-09-21 16:05:55,450 - modules.ui - INFO - Image loaded from C:/Users/Hardik/Downloads/a5773d20-3177-49f8-84cd-2cb9470aba3d.jpeg
2025-09-21 16:05:57,498 - modules.ui - INFO - Animal ID is required
2025-09-21 16:06:04,173 - modules.ui - INFO - Processing image...
2025-09-21 16:06:04,174 - main - INFO - Processing image: C:/Users/Hardik/Downloads/a5773d20-3177-49f8-84cd-2cb9470aba3d.jpeg
2025-09-21 16:06:04,174 - modules.image_processor - INFO - Preprocessing image
2025-09-21 16:06:04,174 - modules.image_processor - INFO - Loading image from C:/Users/Hardik/Downloads/a5773d20-3177-49f8-84cd-2cb9470aba3d.jpeg
2025-09-21 16:06:04,184 - modules.image_processor - INFO - Image loaded successfully
2025-09-21 16:06:04,284 - modules.image_processor - INFO - Image preprocessing completed
2025-09-21 16:06:04,284 - modules.ai_model - INFO - Extracting animal body features
2025-09-21 16:06:04,285 - modules.ai_model - INFO - Detecting animal keypoints
2025-09-21 16:06:05,202 - modules.ai_model - INFO - Detected 17 keypoints
2025-09-21 16:06:05,202 - modules.ai_model - INFO - Calculated 5 body measurements
2025-09-21 16:06:05,202 - modules.ai_model - INFO - Feature extraction completed
2025-09-21 16:06:05,203 - main - INFO - Generating classification scores
2025-09-21 16:06:05,203 - modules.scoring - INFO - Scoring animal traits for breed: unknown
2025-09-21 16:06:05,203 - modules.scoring - WARNING - No standards found for breed: unknown. Using generic standards.
2025-09-21 16:06:05,203 - modules.scoring - WARNING - Missing measurement or standard for trait: leg_structure
2025-09-21 16:06:05,203 - modules.scoring - WARNING - Missing measurement or standard for trait: overall_proportion
2025-09-21 16:06:05,204 - modules.scoring - INFO - Animal scored with overall score: 18.0, classification: poor
2025-09-21 16:06:05,204 - modules.ui - INFO - Classification completed successfully
2025-09-21 16:06:27,116 - modules.ui - INFO - Image loaded from C:/Users/Hardik/Downloads/d49998b0-211a-4188-9854-ad261be3067b.jpeg
2025-09-21 16:06:30,272 - modules.ui - INFO - Processing image...
2025-09-21 16:06:30,273 - main - INFO - Processing image: C:/Users/Hardik/Downloads/d49998b0-211a-4188-9854-ad261be3067b.jpeg
2025-09-21 16:06:30,273 - modules.image_processor - INFO - Preprocessing image
2025-09-21 16:06:30,274 - modules.image_processor - INFO - Loading image from C:/Users/Hardik/Downloads/d49998b0-211a-4188-9854-ad261be3067b.jpeg
2025-09-21 16:06:30,280 - modules.image_processor - INFO - Image loaded successfully
2025-09-21 16:06:30,286 - modules.image_processor - INFO - Image preprocessing completed
2025-09-21 16:06:30,286 - modules.ai_model - INFO - Extracting animal body features
2025-09-21 16:06:30,286 - modules.ai_model - INFO - Detecting animal keypoints
2025-09-21 16:06:30,376 - modules.ai_model - INFO - Detected 17 keypoints
2025-09-21 16:06:30,376 - modules.ai_model - INFO - Calculated 5 body measurements
2025-09-21 16:06:30,376 - modules.ai_model - INFO - Feature extraction completed
2025-09-21 16:06:30,377 - main - INFO - Generating classification scores
2025-09-21 16:06:30,377 - modules.scoring - INFO - Scoring animal traits for breed: unknown
2025-09-21 16:06:30,377 - modules.scoring - WARNING - No standards found for breed: unknown. Using generic standards.
2025-09-21 16:06:30,377 - modules.scoring - WARNING - Missing measurement or standard for trait: leg_structure
2025-09-21 16:06:30,377 - modules.scoring - WARNING - Missing measurement or standard for trait: overall_proportion
2025-09-21 16:06:30,378 - modules.scoring - INFO - Animal scored with overall score: 19.8, classification: poor
2025-09-21 16:06:30,378 - modules.ui - INFO - Classification completed successfully
2025-09-21 16:08:02,750 - modules.ui - INFO - Camera started
2025-09-21 16:08:12,518 - modules.ui - INFO - Image captured and saved to c:\KARTIK\data\images\capture_20250921_160812.jpg
2025-09-21 16:08:16,298 - modules.ui - INFO - Processing image...
2025-09-21 16:08:16,303 - main - INFO - Processing image: c:\KARTIK\data\images\capture_20250921_160812.jpg
2025-09-21 16:08:16,304 - modules.image_processor - INFO - Preprocessing image
2025-09-21 16:08:16,304 - modules.image_processor - INFO - Loading image from c:\KARTIK\data\images\capture_20250921_160812.jpg
2025-09-21 16:08:16,313 - modules.image_processor - INFO - Image loaded successfully
2025-09-21 16:08:16,317 - modules.image_processor - INFO - Image preprocessing completed
2025-09-21 16:08:16,317 - modules.ai_model - INFO - Extracting animal body features
2025-09-21 16:08:16,318 - modules.ai_model - INFO - Detecting animal keypoints
2025-09-21 16:08:16,415 - modules.ai_model - INFO - Detected 17 keypoints
2025-09-21 16:08:16,415 - modules.ai_model - INFO - Calculated 5 body measurements
2025-09-21 16:08:16,416 - modules.ai_model - INFO - Feature extraction completed
2025-09-21 16:08:16,416 - main - INFO - Generating classification scores
2025-09-21 16:08:16,416 - modules.scoring - INFO - Scoring animal traits for breed: unknown
2025-09-21 16:08:16,416 - modules.scoring - WARNING - No standards found for breed: unknown. Using generic standards.
2025-09-21 16:08:16,417 - modules.scoring - WARNING - Missing measurement or standard for trait: leg_structure
2025-09-21 16:08:16,417 - modules.scoring - WARNING - Missing measurement or standard for trait: overall_proportion
2025-09-21 16:08:16,417 - modules.scoring - INFO - Animal scored with overall score: 20.8, classification: poor
2025-09-21 16:08:16,418 - modules.ui - INFO - Classification completed successfully
2025-09-21 16:08:26,686 - modules.ui - INFO - User interface closed
2025-09-21 16:12:22,110 - __main__ - INFO - Starting Animal Type Classification System
2025-09-21 16:12:22,110 - main - INFO - Initializing Animal Type Classification System
2025-09-21 16:12:22,111 - modules.image_processor - INFO - Image processor initialized
2025-09-21 16:12:22,111 - modules.ai_model - INFO - Creating new feature extraction model
2025-09-21 16:12:22,774 - modules.ai_model - INFO - Initializing keypoint detection model
2025-09-21 16:12:23,172 - modules.ai_model - INFO - Keypoint model initialized
2025-09-21 16:12:23,172 - modules.ai_model - INFO - Animal classifier initialized
2025-09-21 16:12:23,174 - modules.database - INFO - Database tables created successfully
2025-09-21 16:12:23,174 - modules.database - INFO - Database initialized at c:\KARTIK\data\atc_database.db
2025-09-21 16:12:23,174 - modules.scoring - INFO - Using default scoring configuration
2025-09-21 16:12:23,174 - modules.scoring - INFO - Default scoring configuration set
2025-09-21 16:12:23,174 - modules.scoring - INFO - ATC Scorer initialized
2025-09-21 16:12:23,175 - modules.ui - INFO - User interface initialized
2025-09-21 16:12:23,175 - modules.bpa_integration - WARNING - BPA configuration file not found or not specified
2025-09-21 16:12:23,175 - modules.bpa_integration - INFO - BPA Integration initialized
2025-09-21 16:12:23,175 - main - INFO - System initialization complete
2025-09-21 16:12:23,175 - __main__ - INFO - Starting interactive mode
2025-09-21 16:12:23,175 - main - INFO - Starting Animal Type Classification System
2025-09-21 16:12:23,176 - modules.ui - INFO - Starting user interface
2025-09-21 16:12:33,565 - modules.ui - INFO - Image loaded from C:/Users/Hardik/Downloads/6eda1218-b6f1-48b7-be77-22f1e7a34288.jpeg
2025-09-21 16:12:37,707 - modules.ui - INFO - Processing image...
2025-09-21 16:12:37,709 - main - INFO - Processing image: C:/Users/Hardik/Downloads/6eda1218-b6f1-48b7-be77-22f1e7a34288.jpeg
2025-09-21 16:12:37,710 - modules.image_processor - INFO - Preprocessing image
2025-09-21 16:12:37,710 - modules.image_processor - INFO - Loading image from C:/Users/Hardik/Downloads/6eda1218-b6f1-48b7-be77-22f1e7a34288.jpeg
2025-09-21 16:12:37,721 - modules.image_processor - INFO - Image loaded successfully
2025-09-21 16:12:37,813 - modules.image_processor - INFO - Image preprocessing completed
2025-09-21 16:12:37,814 - modules.ai_model - INFO - Extracting animal body features
2025-09-21 16:12:37,814 - modules.ai_model - INFO - Detecting animal keypoints
2025-09-21 16:12:38,570 - modules.ai_model - INFO - Detected 17 keypoints
2025-09-21 16:12:38,570 - modules.ai_model - INFO - Calculated 5 body measurements
2025-09-21 16:12:38,570 - modules.ai_model - INFO - Feature extraction completed
2025-09-21 16:12:38,571 - main - INFO - Generating classification scores
2025-09-21 16:12:38,571 - modules.scoring - INFO - Scoring animal traits for breed: unknown
2025-09-21 16:12:38,571 - modules.scoring - WARNING - No standards found for breed: unknown. Using generic standards.
2025-09-21 16:12:38,571 - modules.scoring - WARNING - Missing measurement or standard for trait: leg_structure
2025-09-21 16:12:38,572 - modules.scoring - WARNING - Missing measurement or standard for trait: overall_proportion
2025-09-21 16:12:38,572 - modules.scoring - INFO - Animal scored with overall score: 18.0, classification: poor
2025-09-21 16:12:38,572 - modules.ui - INFO - Classification completed successfully
2025-09-21 16:12:43,307 - modules.ui - INFO - Image loaded from C:/Users/Hardik/Downloads/af3f66bc-1a4f-4b36-b1b3-f7c511d40f4f.jpeg
2025-09-21 16:12:44,450 - modules.ui - INFO - Processing image...
2025-09-21 16:12:44,452 - main - INFO - Processing image: C:/Users/Hardik/Downloads/af3f66bc-1a4f-4b36-b1b3-f7c511d40f4f.jpeg
2025-09-21 16:12:44,453 - modules.image_processor - INFO - Preprocessing image
2025-09-21 16:12:44,453 - modules.image_processor - INFO - Loading image from C:/Users/Hardik/Downloads/af3f66bc-1a4f-4b36-b1b3-f7c511d40f4f.jpeg
2025-09-21 16:12:44,464 - modules.image_processor - INFO - Image loaded successfully
2025-09-21 16:12:44,470 - modules.image_processor - INFO - Image preprocessing completed
2025-09-21 16:12:44,471 - modules.ai_model - INFO - Extracting animal body features
2025-09-21 16:12:44,471 - modules.ai_model - INFO - Detecting animal keypoints
2025-09-21 16:12:44,563 - modules.ai_model - INFO - Detected 17 keypoints
2025-09-21 16:12:44,564 - modules.ai_model - INFO - Calculated 5 body measurements
2025-09-21 16:12:44,564 - modules.ai_model - INFO - Feature extraction completed
2025-09-21 16:12:44,564 - main - INFO - Generating classification scores
2025-09-21 16:12:44,565 - modules.scoring - INFO - Scoring animal traits for breed: unknown
2025-09-21 16:12:44,565 - modules.scoring - WARNING - No standards found for breed: unknown. Using generic standards.
2025-09-21 16:12:44,565 - modules.scoring - WARNING - Missing measurement or standard for trait: leg_structure
2025-09-21 16:12:44,565 - modules.scoring - WARNING - Missing measurement or standard for trait: overall_proportion
2025-09-21 16:12:44,566 - modules.scoring - INFO - Animal scored with overall score: 18.0, classification: poor
2025-09-21 16:12:44,566 - modules.ui - INFO - Classification completed successfully
2025-09-21 16:12:47,061 - modules.ui - INFO - Processing image...
2025-09-21 16:12:47,062 - main - INFO - Processing image: C:/Users/Hardik/Downloads/af3f66bc-1a4f-4b36-b1b3-f7c511d40f4f.jpeg
2025-09-21 16:12:47,063 - modules.image_processor - INFO - Preprocessing image
2025-09-21 16:12:47,063 - modules.image_processor - INFO - Loading image from C:/Users/Hardik/Downloads/af3f66bc-1a4f-4b36-b1b3-f7c511d40f4f.jpeg
2025-09-21 16:12:47,076 - modules.image_processor - INFO - Image loaded successfully
2025-09-21 16:12:47,081 - modules.image_processor - INFO - Image preprocessing completed
2025-09-21 16:12:47,081 - modules.ai_model - INFO - Extracting animal body features
2025-09-21 16:12:47,082 - modules.ai_model - INFO - Detecting animal keypoints
2025-09-21 16:12:47,168 - modules.ai_model - INFO - Detected 17 keypoints
2025-09-21 16:12:47,169 - modules.ai_model - INFO - Calculated 5 body measurements
2025-09-21 16:12:47,169 - modules.ai_model - INFO - Feature extraction completed
2025-09-21 16:12:47,169 - main - INFO - Generating classification scores
2025-09-21 16:12:47,169 - modules.scoring - INFO - Scoring animal traits for breed: unknown
2025-09-21 16:12:47,169 - modules.scoring - WARNING - No standards found for breed: unknown. Using generic standards.
2025-09-21 16:12:47,169 - modules.scoring - WARNING - Missing measurement or standard for trait: leg_structure
2025-09-21 16:12:47,169 - modules.scoring - WARNING - Missing measurement or standard for trait: overall_proportion
2025-09-21 16:12:47,170 - modules.scoring - INFO - Animal scored with overall score: 18.0, classification: poor
2025-09-21 16:12:47,170 - modules.ui - INFO - Classification completed successfully
2025-09-21 16:12:47,727 - modules.ui - INFO - Processing image...
2025-09-21 16:12:47,727 - main - INFO - Processing image: C:/Users/Hardik/Downloads/af3f66bc-1a4f-4b36-b1b3-f7c511d40f4f.jpeg
2025-09-21 16:12:47,729 - modules.image_processor - INFO - Preprocessing image
2025-09-21 16:12:47,729 - modules.image_processor - INFO - Loading image from C:/Users/Hardik/Downloads/af3f66bc-1a4f-4b36-b1b3-f7c511d40f4f.jpeg
2025-09-21 16:12:47,739 - modules.image_processor - INFO - Image loaded successfully
2025-09-21 16:12:47,744 - modules.image_processor - INFO - Image preprocessing completed
2025-09-21 16:12:47,745 - modules.ai_model - INFO - Extracting animal body features
2025-09-21 16:12:47,745 - modules.ai_model - INFO - Detecting animal keypoints
2025-09-21 16:12:47,834 - modules.ai_model - INFO - Detected 17 keypoints
2025-09-21 16:12:47,835 - modules.ai_model - INFO - Calculated 5 body measurements
2025-09-21 16:12:47,835 - modules.ai_model - INFO - Feature extraction completed
2025-09-21 16:12:47,835 - main - INFO - Generating classification scores
2025-09-21 16:12:47,836 - modules.scoring - INFO - Scoring animal traits for breed: unknown
2025-09-21 16:12:47,836 - modules.scoring - WARNING - No standards found for breed: unknown. Using generic standards.
2025-09-21 16:12:47,836 - modules.scoring - WARNING - Missing measurement or standard for trait: leg_structure
2025-09-21 16:12:47,836 - modules.scoring - WARNING - Missing measurement or standard for trait: overall_proportion
2025-09-21 16:12:47,837 - modules.scoring - INFO - Animal scored with overall score: 18.0, classification: poor
2025-09-21 16:12:47,837 - modules.ui - INFO - Classification completed successfully
2025-09-21 16:12:47,890 - modules.ui - INFO - Processing image...
2025-09-21 16:12:47,892 - main - INFO - Processing image: C:/Users/Hardik/Downloads/af3f66bc-1a4f-4b36-b1b3-f7c511d40f4f.jpeg
2025-09-21 16:12:47,892 - modules.image_processor - INFO - Preprocessing image
2025-09-21 16:12:47,893 - modules.image_processor - INFO - Loading image from C:/Users/Hardik/Downloads/af3f66bc-1a4f-4b36-b1b3-f7c511d40f4f.jpeg
2025-09-21 16:12:47,901 - modules.image_processor - INFO - Image loaded successfully
2025-09-21 16:12:47,906 - modules.image_processor - INFO - Image preprocessing completed
2025-09-21 16:12:47,906 - modules.ai_model - INFO - Extracting animal body features
2025-09-21 16:12:47,906 - modules.ai_model - INFO - Detecting animal keypoints
2025-09-21 16:12:48,007 - modules.ai_model - INFO - Detected 17 keypoints
2025-09-21 16:12:48,008 - modules.ai_model - INFO - Calculated 5 body measurements
2025-09-21 16:12:48,008 - modules.ai_model - INFO - Feature extraction completed
2025-09-21 16:12:48,008 - main - INFO - Generating classification scores
2025-09-21 16:12:48,008 - modules.scoring - INFO - Scoring animal traits for breed: unknown
2025-09-21 16:12:48,008 - modules.scoring - WARNING - No standards found for breed: unknown. Using generic standards.
2025-09-21 16:12:48,009 - modules.scoring - WARNING - Missing measurement or standard for trait: leg_structure
2025-09-21 16:12:48,009 - modules.scoring - WARNING - Missing measurement or standard for trait: overall_proportion
2025-09-21 16:12:48,009 - modules.scoring - INFO - Animal scored with overall score: 18.0, classification: poor
2025-09-21 16:12:48,009 - modules.ui - INFO - Classification completed successfully
2025-09-21 16:12:53,162 - modules.ui - INFO - Processing image...
2025-09-21 16:12:53,163 - main - INFO - Processing image: C:/Users/Hardik/Downloads/af3f66bc-1a4f-4b36-b1b3-f7c511d40f4f.jpeg
2025-09-21 16:12:53,164 - modules.image_processor - INFO - Preprocessing image
2025-09-21 16:12:53,164 - modules.image_processor - INFO - Loading image from C:/Users/Hardik/Downloads/af3f66bc-1a4f-4b36-b1b3-f7c511d40f4f.jpeg
2025-09-21 16:12:53,174 - modules.image_processor - INFO - Image loaded successfully
2025-09-21 16:12:53,181 - modules.image_processor - INFO - Image preprocessing completed
2025-09-21 16:12:53,182 - modules.ai_model - INFO - Extracting animal body features
2025-09-21 16:12:53,182 - modules.ai_model - INFO - Detecting animal keypoints
2025-09-21 16:12:53,262 - modules.ai_model - INFO - Detected 17 keypoints
2025-09-21 16:12:53,262 - modules.ai_model - INFO - Calculated 5 body measurements
2025-09-21 16:12:53,263 - modules.ai_model - INFO - Feature extraction completed
2025-09-21 16:12:53,263 - main - INFO - Generating classification scores
2025-09-21 16:12:53,263 - modules.scoring - INFO - Scoring animal traits for breed: unknown
2025-09-21 16:12:53,263 - modules.scoring - WARNING - No standards found for breed: unknown. Using generic standards.
2025-09-21 16:12:53,263 - modules.scoring - WARNING - Missing measurement or standard for trait: leg_structure
2025-09-21 16:12:53,263 - modules.scoring - WARNING - Missing measurement or standard for trait: overall_proportion
2025-09-21 16:12:53,263 - modules.scoring - INFO - Animal scored with overall score: 18.0, classification: poor
2025-09-21 16:12:53,264 - modules.ui - INFO - Classification completed successfully
2025-09-21 16:12:53,744 - modules.ui - INFO - Processing image...
2025-09-21 16:12:53,745 - main - INFO - Processing image: C:/Users/Hardik/Downloads/af3f66bc-1a4f-4b36-b1b3-f7c511d40f4f.jpeg
2025-09-21 16:12:53,746 - modules.image_processor - INFO - Preprocessing image
2025-09-21 16:12:53,746 - modules.image_processor - INFO - Loading image from C:/Users/Hardik/Downloads/af3f66bc-1a4f-4b36-b1b3-f7c511d40f4f.jpeg
2025-09-21 16:12:53,757 - modules.image_processor - INFO - Image loaded successfully
2025-09-21 16:12:53,763 - modules.image_processor - INFO - Image preprocessing completed
2025-09-21 16:12:53,764 - modules.ai_model - INFO - Extracting animal body features
2025-09-21 16:12:53,764 - modules.ai_model - INFO - Detecting animal keypoints
2025-09-21 16:12:53,849 - modules.ai_model - INFO - Detected 17 keypoints
2025-09-21 16:12:53,849 - modules.ai_model - INFO - Calculated 5 body measurements
2025-09-21 16:12:53,849 - modules.ai_model - INFO - Feature extraction completed
2025-09-21 16:12:53,849 - main - INFO - Generating classification scores
2025-09-21 16:12:53,850 - modules.scoring - INFO - Scoring animal traits for breed: unknown
2025-09-21 16:12:53,850 - modules.scoring - WARNING - No standards found for breed: unknown. Using generic standards.
2025-09-21 16:12:53,850 - modules.scoring - WARNING - Missing measurement or standard for trait: leg_structure
2025-09-21 16:12:53,850 - modules.scoring - WARNING - Missing measurement or standard for trait: overall_proportion
2025-09-21 16:12:53,850 - modules.scoring - INFO - Animal scored with overall score: 18.0, classification: poor
2025-09-21 16:12:53,851 - modules.ui - INFO - Classification completed successfully
2025-09-21 16:12:54,048 - modules.ui - INFO - Processing image...
2025-09-21 16:12:54,049 - main - INFO - Processing image: C:/Users/Hardik/Downloads/af3f66bc-1a4f-4b36-b1b3-f7c511d40f4f.jpeg
2025-09-21 16:12:54,050 - modules.image_processor - INFO - Preprocessing image
2025-09-21 16:12:54,050 - modules.image_processor - INFO - Loading image from C:/Users/Hardik/Downloads/af3f66bc-1a4f-4b36-b1b3-f7c511d40f4f.jpeg
2025-09-21 16:12:54,060 - modules.image_processor - INFO - Image loaded successfully
2025-09-21 16:12:54,065 - modules.image_processor - INFO - Image preprocessing completed
2025-09-21 16:12:54,066 - modules.ai_model - INFO - Extracting animal body features
2025-09-21 16:12:54,066 - modules.ai_model - INFO - Detecting animal keypoints
2025-09-21 16:12:54,147 - modules.ai_model - INFO - Detected 17 keypoints
2025-09-21 16:12:54,149 - modules.ai_model - INFO - Calculated 5 body measurements
2025-09-21 16:12:54,149 - modules.ai_model - INFO - Feature extraction completed
2025-09-21 16:12:54,149 - main - INFO - Generating classification scores
2025-09-21 16:12:54,149 - modules.scoring - INFO - Scoring animal traits for breed: unknown
2025-09-21 16:12:54,149 - modules.scoring - WARNING - No standards found for breed: unknown. Using generic standards.
2025-09-21 16:12:54,149 - modules.scoring - WARNING - Missing measurement or standard for trait: leg_structure
2025-09-21 16:12:54,150 - modules.scoring - WARNING - Missing measurement or standard for trait: overall_proportion
2025-09-21 16:12:54,150 - modules.scoring - INFO - Animal scored with overall score: 18.0, classification: poor
2025-09-21 16:12:54,151 - modules.ui - INFO - Classification completed successfully
2025-09-21 16:12:54,546 - modules.ui - INFO - Processing image...
2025-09-21 16:12:54,549 - main - INFO - Processing image: C:/Users/Hardik/Downloads/af3f66bc-1a4f-4b36-b1b3-f7c511d40f4f.jpeg
2025-09-21 16:12:54,550 - modules.image_processor - INFO - Preprocessing image
2025-09-21 16:12:54,550 - modules.image_processor - INFO - Loading image from C:/Users/Hardik/Downloads/af3f66bc-1a4f-4b36-b1b3-f7c511d40f4f.jpeg
2025-09-21 16:12:54,560 - modules.image_processor - INFO - Image loaded successfully
2025-09-21 16:12:54,567 - modules.image_processor - INFO - Image preprocessing completed
2025-09-21 16:12:54,567 - modules.ai_model - INFO - Extracting animal body features
2025-09-21 16:12:54,567 - modules.ai_model - INFO - Detecting animal keypoints
2025-09-21 16:12:54,655 - modules.ai_model - INFO - Detected 17 keypoints
2025-09-21 16:12:54,655 - modules.ai_model - INFO - Calculated 5 body measurements
2025-09-21 16:12:54,655 - modules.ai_model - INFO - Feature extraction completed
2025-09-21 16:12:54,655 - main - INFO - Generating classification scores
2025-09-21 16:12:54,656 - modules.scoring - INFO - Scoring animal traits for breed: unknown
2025-09-21 16:12:54,656 - modules.scoring - WARNING - No standards found for breed: unknown. Using generic standards.
2025-09-21 16:12:54,656 - modules.scoring - WARNING - Missing measurement or standard for trait: leg_structure
2025-09-21 16:12:54,656 - modules.scoring - WARNING - Missing measurement or standard for trait: overall_proportion
2025-09-21 16:12:54,657 - modules.scoring - INFO - Animal scored with overall score: 18.0, classification: poor
2025-09-21 16:12:54,657 - modules.ui - INFO - Classification completed successfully
2025-09-21 16:12:54,785 - modules.ui - INFO - Processing image...
2025-09-21 16:12:54,786 - main - INFO - Processing image: C:/Users/Hardik/Downloads/af3f66bc-1a4f-4b36-b1b3-f7c511d40f4f.jpeg
2025-09-21 16:12:54,787 - modules.image_processor - INFO - Preprocessing image
2025-09-21 16:12:54,787 - modules.image_processor - INFO - Loading image from C:/Users/Hardik/Downloads/af3f66bc-1a4f-4b36-b1b3-f7c511d40f4f.jpeg
2025-09-21 16:12:54,796 - modules.image_processor - INFO - Image loaded successfully
2025-09-21 16:12:54,801 - modules.image_processor - INFO - Image preprocessing completed
2025-09-21 16:12:54,801 - modules.ai_model - INFO - Extracting animal body features
2025-09-21 16:12:54,801 - modules.ai_model - INFO - Detecting animal keypoints
2025-09-21 16:12:54,888 - modules.ai_model - INFO - Detected 17 keypoints
2025-09-21 16:12:54,888 - modules.ai_model - INFO - Calculated 5 body measurements
2025-09-21 16:12:54,888 - modules.ai_model - INFO - Feature extraction completed
2025-09-21 16:12:54,888 - main - INFO - Generating classification scores
2025-09-21 16:12:54,889 - modules.scoring - INFO - Scoring animal traits for breed: unknown
2025-09-21 16:12:54,889 - modules.scoring - WARNING - No standards found for breed: unknown. Using generic standards.
2025-09-21 16:12:54,889 - modules.scoring - WARNING - Missing measurement or standard for trait: leg_structure
2025-09-21 16:12:54,889 - modules.scoring - WARNING - Missing measurement or standard for trait: overall_proportion
2025-09-21 16:12:54,889 - modules.scoring - INFO - Animal scored with overall score: 18.0, classification: poor
2025-09-21 16:12:54,891 - modules.ui - INFO - Classification completed successfully
2025-09-21 16:12:58,211 - modules.ui - INFO - Image loaded from C:/Users/Hardik/Downloads/eea30672-1529-4e56-b59c-b8f3de27c6c7.jpeg
2025-09-21 16:12:59,335 - modules.ui - INFO - Processing image...
2025-09-21 16:12:59,336 - main - INFO - Processing image: C:/Users/Hardik/Downloads/eea30672-1529-4e56-b59c-b8f3de27c6c7.jpeg
2025-09-21 16:12:59,337 - modules.image_processor - INFO - Preprocessing image
2025-09-21 16:12:59,337 - modules.image_processor - INFO - Loading image from C:/Users/Hardik/Downloads/eea30672-1529-4e56-b59c-b8f3de27c6c7.jpeg
2025-09-21 16:12:59,344 - modules.image_processor - INFO - Image loaded successfully
2025-09-21 16:12:59,350 - modules.image_processor - INFO - Image preprocessing completed
2025-09-21 16:12:59,351 - modules.ai_model - INFO - Extracting animal body features
2025-09-21 16:12:59,351 - modules.ai_model - INFO - Detecting animal keypoints
2025-09-21 16:12:59,440 - modules.ai_model - INFO - Detected 17 keypoints
2025-09-21 16:12:59,440 - modules.ai_model - INFO - Calculated 5 body measurements
2025-09-21 16:12:59,441 - modules.ai_model - INFO - Feature extraction completed
2025-09-21 16:12:59,441 - main - INFO - Generating classification scores
2025-09-21 16:12:59,441 - modules.scoring - INFO - Scoring animal traits for breed: unknown
2025-09-21 16:12:59,442 - modules.scoring - WARNING - No standards found for breed: unknown. Using generic standards.
2025-09-21 16:12:59,442 - modules.scoring - WARNING - Missing measurement or standard for trait: leg_structure
2025-09-21 16:12:59,442 - modules.scoring - WARNING - Missing measurement or standard for trait: overall_proportion
2025-09-21 16:12:59,442 - modules.scoring - INFO - Animal scored with overall score: 21.1, classification: poor
2025-09-21 16:12:59,443 - modules.ui - INFO - Classification completed successfully
2025-09-21 16:15:00,967 - modules.ui - INFO - Image loaded from C:/Users/Hardik/Downloads/3a23f621-54d9-4d7b-ad1a-800129bf3249.jpeg
2025-09-21 16:15:02,373 - modules.ui - INFO - Processing image...
2025-09-21 16:15:02,376 - main - INFO - Processing image: C:/Users/Hardik/Downloads/3a23f621-54d9-4d7b-ad1a-800129bf3249.jpeg
2025-09-21 16:15:02,376 - modules.image_processor - INFO - Preprocessing image
2025-09-21 16:15:02,377 - modules.image_processor - INFO - Loading image from C:/Users/Hardik/Downloads/3a23f621-54d9-4d7b-ad1a-800129bf3249.jpeg
2025-09-21 16:15:02,379 - modules.image_processor - INFO - Image loaded successfully
2025-09-21 16:15:02,383 - modules.image_processor - INFO - Image preprocessing completed
2025-09-21 16:15:02,384 - modules.ai_model - INFO - Extracting animal body features
2025-09-21 16:15:02,384 - modules.ai_model - INFO - Detecting animal keypoints
2025-09-21 16:15:02,467 - modules.ai_model - INFO - Detected 17 keypoints
2025-09-21 16:15:02,467 - modules.ai_model - INFO - Calculated 5 body measurements
2025-09-21 16:15:02,468 - modules.ai_model - INFO - Feature extraction completed
2025-09-21 16:15:02,468 - main - INFO - Generating classification scores
2025-09-21 16:15:02,469 - modules.scoring - INFO - Scoring animal traits for breed: unknown
2025-09-21 16:15:02,469 - modules.scoring - WARNING - No standards found for breed: unknown. Using generic standards.
2025-09-21 16:15:02,469 - modules.scoring - WARNING - Missing measurement or standard for trait: leg_structure
2025-09-21 16:15:02,469 - modules.scoring - WARNING - Missing measurement or standard for trait: overall_proportion
2025-09-21 16:15:02,469 - modules.scoring - INFO - Animal scored with overall score: 18.0, classification: poor
2025-09-21 16:15:02,470 - modules.ui - INFO - Classification completed successfully
2025-09-21 16:15:24,258 - modules.ui - INFO - Processing image...
2025-09-21 16:15:24,259 - main - INFO - Processing image: C:/Users/Hardik/Downloads/3a23f621-54d9-4d7b-ad1a-800129bf3249.jpeg
2025-09-21 16:15:24,260 - modules.image_processor - INFO - Preprocessing image
2025-09-21 16:15:24,260 - modules.image_processor - INFO - Loading image from C:/Users/Hardik/Downloads/3a23f621-54d9-4d7b-ad1a-800129bf3249.jpeg
2025-09-21 16:15:24,263 - modules.image_processor - INFO - Image loaded successfully
2025-09-21 16:15:24,267 - modules.image_processor - INFO - Image preprocessing completed
2025-09-21 16:15:24,268 - modules.ai_model - INFO - Extracting animal body features
2025-09-21 16:15:24,268 - modules.ai_model - INFO - Detecting animal keypoints
2025-09-21 16:15:24,357 - modules.ai_model - INFO - Detected 17 keypoints
2025-09-21 16:15:24,357 - modules.ai_model - INFO - Calculated 5 body measurements
2025-09-21 16:15:24,357 - modules.ai_model - INFO - Feature extraction completed
2025-09-21 16:15:24,358 - main - INFO - Generating classification scores
2025-09-21 16:15:24,358 - modules.scoring - INFO - Scoring animal traits for breed: unknown
2025-09-21 16:15:24,358 - modules.scoring - WARNING - No standards found for breed: unknown. Using generic standards.
2025-09-21 16:15:24,358 - modules.scoring - WARNING - Missing measurement or standard for trait: leg_structure
2025-09-21 16:15:24,359 - modules.scoring - WARNING - Missing measurement or standard for trait: overall_proportion
2025-09-21 16:15:24,359 - modules.scoring - INFO - Animal scored with overall score: 18.0, classification: poor
2025-09-21 16:15:24,362 - modules.ui - INFO - Classification completed successfully
2025-09-21 16:15:25,376 - modules.ui - INFO - Processing image...
2025-09-21 16:15:25,378 - main - INFO - Processing image: C:/Users/Hardik/Downloads/3a23f621-54d9-4d7b-ad1a-800129bf3249.jpeg
2025-09-21 16:15:25,378 - modules.image_processor - INFO - Preprocessing image
2025-09-21 16:15:25,379 - modules.image_processor - INFO - Loading image from C:/Users/Hardik/Downloads/3a23f621-54d9-4d7b-ad1a-800129bf3249.jpeg
2025-09-21 16:15:25,381 - modules.image_processor - INFO - Image loaded successfully
2025-09-21 16:15:25,385 - modules.image_processor - INFO - Image preprocessing completed
2025-09-21 16:15:25,386 - modules.ai_model - INFO - Extracting animal body features
2025-09-21 16:15:25,386 - modules.ai_model - INFO - Detecting animal keypoints
2025-09-21 16:15:25,463 - modules.ai_model - INFO - Detected 17 keypoints
2025-09-21 16:15:25,463 - modules.ai_model - INFO - Calculated 5 body measurements
2025-09-21 16:15:25,463 - modules.ai_model - INFO - Feature extraction completed
2025-09-21 16:15:25,463 - main - INFO - Generating classification scores
2025-09-21 16:15:25,463 - modules.scoring - INFO - Scoring animal traits for breed: unknown
2025-09-21 16:15:25,464 - modules.scoring - WARNING - No standards found for breed: unknown. Using generic standards.
2025-09-21 16:15:25,464 - modules.scoring - WARNING - Missing measurement or standard for trait: leg_structure
2025-09-21 16:15:25,464 - modules.scoring - WARNING - Missing measurement or standard for trait: overall_proportion
2025-09-21 16:15:25,464 - modules.scoring - INFO - Animal scored with overall score: 18.0, classification: poor
2025-09-21 16:15:25,465 - modules.ui - INFO - Classification completed successfully
2025-09-21 16:15:32,372 - modules.ui - INFO - User interface closed
2025-09-21 16:15:59,250 - __main__ - INFO - Starting Animal Type Classification System
2025-09-21 16:15:59,250 - main - INFO - Initializing Animal Type Classification System
2025-09-21 16:15:59,250 - modules.image_processor - INFO - Image processor initialized
2025-09-21 16:15:59,250 - modules.ai_model - INFO - Creating new feature extraction model
2025-09-21 16:15:59,944 - modules.ai_model - INFO - Initializing keypoint detection model
2025-09-21 16:16:00,301 - modules.ai_model - INFO - Keypoint model initialized
2025-09-21 16:16:00,301 - modules.ai_model - INFO - Animal classifier initialized
2025-09-21 16:16:00,302 - modules.database - INFO - Database tables created successfully
2025-09-21 16:16:00,303 - modules.database - INFO - Database initialized at c:\KARTIK\data\atc_database.db
2025-09-21 16:16:00,303 - modules.scoring - INFO - Using default scoring configuration
2025-09-21 16:16:00,303 - modules.scoring - INFO - Default scoring configuration set
2025-09-21 16:16:00,303 - modules.scoring - INFO - ATC Scorer initialized
2025-09-21 16:16:00,303 - modules.ui - INFO - User interface initialized
2025-09-21 16:16:00,304 - modules.bpa_integration - WARNING - BPA configuration file not found or not specified
2025-09-21 16:16:00,304 - modules.bpa_integration - INFO - BPA Integration initialized
2025-09-21 16:16:00,304 - main - INFO - System initialization complete
2025-09-21 16:16:00,304 - __main__ - INFO - Starting interactive mode
2025-09-21 16:16:00,304 - main - INFO - Starting Animal Type Classification System
2025-09-21 16:16:00,305 - modules.ui - INFO - Starting user interface
2025-09-21 16:16:42,142 - modules.ui - INFO - Image loaded from C:/Users/Hardik/Downloads/80d39fca-3dfe-4c09-90cb-1e0ed655f176.jpeg
2025-09-21 16:16:47,470 - modules.ui - INFO - Processing image...
2025-09-21 16:16:47,471 - main - INFO - Processing image: C:/Users/Hardik/Downloads/80d39fca-3dfe-4c09-90cb-1e0ed655f176.jpeg
2025-09-21 16:16:47,472 - modules.image_processor - INFO - Preprocessing image
2025-09-21 16:16:47,472 - modules.image_processor - INFO - Loading image from C:/Users/Hardik/Downloads/80d39fca-3dfe-4c09-90cb-1e0ed655f176.jpeg
2025-09-21 16:16:47,482 - modules.image_processor - INFO - Image loaded successfully
2025-09-21 16:16:47,566 - modules.image_processor - INFO - Image preprocessing completed
2025-09-21 16:16:47,567 - modules.ai_model - INFO - Extracting animal body features
2025-09-21 16:16:47,567 - modules.ai_model - INFO - Detecting animal keypoints
2025-09-21 16:16:48,335 - modules.ai_model - INFO - Detected 17 keypoints
2025-09-21 16:16:48,335 - modules.ai_model - INFO - Calculated 5 body measurements
2025-09-21 16:16:48,335 - modules.ai_model - INFO - Feature extraction completed
2025-09-21 16:16:48,336 - main - INFO - Generating classification scores
2025-09-21 16:16:48,336 - modules.scoring - INFO - Scoring animal traits for breed: unknown
2025-09-21 16:16:48,336 - modules.scoring - WARNING - No standards found for breed: unknown. Using generic standards.
2025-09-21 16:16:48,336 - modules.scoring - WARNING - Missing measurement or standard for trait: leg_structure
2025-09-21 16:16:48,336 - modules.scoring - WARNING - Missing measurement or standard for trait: overall_proportion
2025-09-21 16:16:48,337 - modules.scoring - INFO - Animal scored with overall score: 18.0, classification: poor
2025-09-21 16:16:48,337 - modules.ui - INFO - Classification completed successfully
2025-09-21 16:17:02,894 - modules.ui - INFO - Processing image...
2025-09-21 16:17:02,896 - main - INFO - Processing image: C:/Users/Hardik/Downloads/80d39fca-3dfe-4c09-90cb-1e0ed655f176.jpeg
2025-09-21 16:17:02,896 - modules.image_processor - INFO - Preprocessing image
2025-09-21 16:17:02,896 - modules.image_processor - INFO - Loading image from C:/Users/Hardik/Downloads/80d39fca-3dfe-4c09-90cb-1e0ed655f176.jpeg
2025-09-21 16:17:02,904 - modules.image_processor - INFO - Image loaded successfully
2025-09-21 16:17:02,910 - modules.image_processor - INFO - Image preprocessing completed
2025-09-21 16:17:02,911 - modules.ai_model - INFO - Extracting animal body features
2025-09-21 16:17:02,911 - modules.ai_model - INFO - Detecting animal keypoints
2025-09-21 16:17:02,994 - modules.ai_model - INFO - Detected 17 keypoints
2025-09-21 16:17:02,995 - modules.ai_model - INFO - Calculated 5 body measurements
2025-09-21 16:17:02,995 - modules.ai_model - INFO - Feature extraction completed
2025-09-21 16:17:02,995 - main - INFO - Generating classification scores
2025-09-21 16:17:02,996 - modules.scoring - INFO - Scoring animal traits for breed: unknown
2025-09-21 16:17:02,996 - modules.scoring - WARNING - No standards found for breed: unknown. Using generic standards.
2025-09-21 16:17:02,996 - modules.scoring - WARNING - Missing measurement or standard for trait: leg_structure
2025-09-21 16:17:02,997 - modules.scoring - WARNING - Missing measurement or standard for trait: overall_proportion
2025-09-21 16:17:02,997 - modules.scoring - INFO - Animal scored with overall score: 18.0, classification: poor
2025-09-21 16:17:02,998 - modules.ui - INFO - Classification completed successfully
2025-09-21 16:17:04,225 - modules.ui - INFO - Processing image...
2025-09-21 16:17:04,226 - main - INFO - Processing image: C:/Users/Hardik/Downloads/80d39fca-3dfe-4c09-90cb-1e0ed655f176.jpeg
2025-09-21 16:17:04,227 - modules.image_processor - INFO - Preprocessing image
2025-09-21 16:17:04,227 - modules.image_processor - INFO - Loading image from C:/Users/Hardik/Downloads/80d39fca-3dfe-4c09-90cb-1e0ed655f176.jpeg
2025-09-21 16:17:04,237 - modules.image_processor - INFO - Image loaded successfully
2025-09-21 16:17:04,243 - modules.image_processor - INFO - Image preprocessing completed
2025-09-21 16:17:04,243 - modules.ai_model - INFO - Extracting animal body features
2025-09-21 16:17:04,243 - modules.ai_model - INFO - Detecting animal keypoints
2025-09-21 16:17:04,319 - modules.ai_model - INFO - Detected 17 keypoints
2025-09-21 16:17:04,319 - modules.ai_model - INFO - Calculated 5 body measurements
2025-09-21 16:17:04,320 - modules.ai_model - INFO - Feature extraction completed
2025-09-21 16:17:04,320 - main - INFO - Generating classification scores
2025-09-21 16:17:04,320 - modules.scoring - INFO - Scoring animal traits for breed: unknown
2025-09-21 16:17:04,320 - modules.scoring - WARNING - No standards found for breed: unknown. Using generic standards.
2025-09-21 16:17:04,320 - modules.scoring - WARNING - Missing measurement or standard for trait: leg_structure
2025-09-21 16:17:04,321 - modules.scoring - WARNING - Missing measurement or standard for trait: overall_proportion
2025-09-21 16:17:04,321 - modules.scoring - INFO - Animal scored with overall score: 18.0, classification: poor
2025-09-21 16:17:04,321 - modules.ui - INFO - Classification completed successfully
2025-09-21 16:17:04,401 - modules.ui - INFO - Processing image...
2025-09-21 16:17:04,403 - main - INFO - Processing image: C:/Users/Hardik/Downloads/80d39fca-3dfe-4c09-90cb-1e0ed655f176.jpeg
2025-09-21 16:17:04,404 - modules.image_processor - INFO - Preprocessing image
2025-09-21 16:17:04,404 - modules.image_processor - INFO - Loading image from C:/Users/Hardik/Downloads/80d39fca-3dfe-4c09-90cb-1e0ed655f176.jpeg
2025-09-21 16:17:04,412 - modules.image_processor - INFO - Image loaded successfully
2025-09-21 16:17:04,417 - modules.image_processor - INFO - Image preprocessing completed
2025-09-21 16:17:04,417 - modules.ai_model - INFO - Extracting animal body features
2025-09-21 16:17:04,417 - modules.ai_model - INFO - Detecting animal keypoints
2025-09-21 16:17:04,498 - modules.ai_model - INFO - Detected 17 keypoints
2025-09-21 16:17:04,498 - modules.ai_model - INFO - Calculated 5 body measurements
2025-09-21 16:17:04,499 - modules.ai_model - INFO - Feature extraction completed
2025-09-21 16:17:04,499 - main - INFO - Generating classification scores
2025-09-21 16:17:04,499 - modules.scoring - INFO - Scoring animal traits for breed: unknown
2025-09-21 16:17:04,499 - modules.scoring - WARNING - No standards found for breed: unknown. Using generic standards.
2025-09-21 16:17:04,500 - modules.scoring - WARNING - Missing measurement or standard for trait: leg_structure
2025-09-21 16:17:04,500 - modules.scoring - WARNING - Missing measurement or standard for trait: overall_proportion
2025-09-21 16:17:04,500 - modules.scoring - INFO - Animal scored with overall score: 18.0, classification: poor
2025-09-21 16:17:04,501 - modules.ui - INFO - Classification completed successfully
2025-09-21 16:17:04,562 - modules.ui - INFO - Processing image...
2025-09-21 16:17:04,563 - main - INFO - Processing image: C:/Users/Hardik/Downloads/80d39fca-3dfe-4c09-90cb-1e0ed655f176.jpeg
2025-09-21 16:17:04,564 - modules.image_processor - INFO - Preprocessing image
2025-09-21 16:17:04,564 - modules.image_processor - INFO - Loading image from C:/Users/Hardik/Downloads/80d39fca-3dfe-4c09-90cb-1e0ed655f176.jpeg
2025-09-21 16:17:04,573 - modules.image_processor - INFO - Image loaded successfully
2025-09-21 16:17:04,578 - modules.image_processor - INFO - Image preprocessing completed
2025-09-21 16:17:04,578 - modules.ai_model - INFO - Extracting animal body features
2025-09-21 16:17:04,579 - modules.ai_model - INFO - Detecting animal keypoints
2025-09-21 16:17:04,652 - modules.ai_model - INFO - Detected 17 keypoints
2025-09-21 16:17:04,652 - modules.ai_model - INFO - Calculated 5 body measurements
2025-09-21 16:17:04,652 - modules.ai_model - INFO - Feature extraction completed
2025-09-21 16:17:04,653 - main - INFO - Generating classification scores
2025-09-21 16:17:04,653 - modules.scoring - INFO - Scoring animal traits for breed: unknown
2025-09-21 16:17:04,653 - modules.scoring - WARNING - No standards found for breed: unknown. Using generic standards.
2025-09-21 16:17:04,654 - modules.scoring - WARNING - Missing measurement or standard for trait: leg_structure
2025-09-21 16:17:04,654 - modules.scoring - WARNING - Missing measurement or standard for trait: overall_proportion
2025-09-21 16:17:04,654 - modules.scoring - INFO - Animal scored with overall score: 18.0, classification: poor
2025-09-21 16:17:04,655 - modules.ui - INFO - Classification completed successfully
2025-09-21 16:17:04,944 - modules.ui - INFO - Processing image...
2025-09-21 16:17:04,946 - main - INFO - Processing image: C:/Users/Hardik/Downloads/80d39fca-3dfe-4c09-90cb-1e0ed655f176.jpeg
2025-09-21 16:17:04,946 - modules.image_processor - INFO - Preprocessing image
2025-09-21 16:17:04,947 - modules.image_processor - INFO - Loading image from C:/Users/Hardik/Downloads/80d39fca-3dfe-4c09-90cb-1e0ed655f176.jpeg
2025-09-21 16:17:04,956 - modules.image_processor - INFO - Image loaded successfully
2025-09-21 16:17:04,960 - modules.image_processor - INFO - Image preprocessing completed
2025-09-21 16:17:04,962 - modules.ai_model - INFO - Extracting animal body features
2025-09-21 16:17:04,962 - modules.ai_model - INFO - Detecting animal keypoints
2025-09-21 16:17:05,037 - modules.ai_model - INFO - Detected 17 keypoints
2025-09-21 16:17:05,037 - modules.ai_model - INFO - Calculated 5 body measurements
2025-09-21 16:17:05,038 - modules.ai_model - INFO - Feature extraction completed
2025-09-21 16:17:05,038 - main - INFO - Generating classification scores
2025-09-21 16:17:05,038 - modules.scoring - INFO - Scoring animal traits for breed: unknown
2025-09-21 16:17:05,038 - modules.scoring - WARNING - No standards found for breed: unknown. Using generic standards.
2025-09-21 16:17:05,038 - modules.scoring - WARNING - Missing measurement or standard for trait: leg_structure
2025-09-21 16:17:05,038 - modules.scoring - WARNING - Missing measurement or standard for trait: overall_proportion
2025-09-21 16:17:05,038 - modules.scoring - INFO - Animal scored with overall score: 18.0, classification: poor
2025-09-21 16:17:05,039 - modules.ui - INFO - Classification completed successfully
2025-09-21 16:17:05,191 - modules.ui - INFO - Processing image...
2025-09-21 16:17:05,194 - main - INFO - Processing image: C:/Users/Hardik/Downloads/80d39fca-3dfe-4c09-90cb-1e0ed655f176.jpeg
2025-09-21 16:17:05,194 - modules.image_processor - INFO - Preprocessing image
2025-09-21 16:17:05,195 - modules.image_processor - INFO - Loading image from C:/Users/Hardik/Downloads/80d39fca-3dfe-4c09-90cb-1e0ed655f176.jpeg
2025-09-21 16:17:05,204 - modules.image_processor - INFO - Image loaded successfully
2025-09-21 16:17:05,209 - modules.image_processor - INFO - Image preprocessing completed
2025-09-21 16:17:05,210 - modules.ai_model - INFO - Extracting animal body features
2025-09-21 16:17:05,210 - modules.ai_model - INFO - Detecting animal keypoints
2025-09-21 16:17:05,289 - modules.ai_model - INFO - Detected 17 keypoints
2025-09-21 16:17:05,289 - modules.ai_model - INFO - Calculated 5 body measurements
2025-09-21 16:17:05,289 - modules.ai_model - INFO - Feature extraction completed
2025-09-21 16:17:05,290 - main - INFO - Generating classification scores
2025-09-21 16:17:05,290 - modules.scoring - INFO - Scoring animal traits for breed: unknown
2025-09-21 16:17:05,290 - modules.scoring - WARNING - No standards found for breed: unknown. Using generic standards.
2025-09-21 16:17:05,290 - modules.scoring - WARNING - Missing measurement or standard for trait: leg_structure
2025-09-21 16:17:05,290 - modules.scoring - WARNING - Missing measurement or standard for trait: overall_proportion
2025-09-21 16:17:05,290 - modules.scoring - INFO - Animal scored with overall score: 18.0, classification: poor
2025-09-21 16:17:05,291 - modules.ui - INFO - Classification completed successfully
2025-09-21 16:17:05,353 - modules.ui - INFO - Processing image...
2025-09-21 16:17:05,354 - main - INFO - Processing image: C:/Users/Hardik/Downloads/80d39fca-3dfe-4c09-90cb-1e0ed655f176.jpeg
2025-09-21 16:17:05,354 - modules.image_processor - INFO - Preprocessing image
2025-09-21 16:17:05,354 - modules.image_processor - INFO - Loading image from C:/Users/Hardik/Downloads/80d39fca-3dfe-4c09-90cb-1e0ed655f176.jpeg
2025-09-21 16:17:05,363 - modules.image_processor - INFO - Image loaded successfully
2025-09-21 16:17:05,368 - modules.image_processor - INFO - Image preprocessing completed
2025-09-21 16:17:05,368 - modules.ai_model - INFO - Extracting animal body features
2025-09-21 16:17:05,368 - modules.ai_model - INFO - Detecting animal keypoints
2025-09-21 16:17:05,450 - modules.ai_model - INFO - Detected 17 keypoints
2025-09-21 16:17:05,451 - modules.ai_model - INFO - Calculated 5 body measurements
2025-09-21 16:17:05,451 - modules.ai_model - INFO - Feature extraction completed
2025-09-21 16:17:05,451 - main - INFO - Generating classification scores
2025-09-21 16:17:05,451 - modules.scoring - INFO - Scoring animal traits for breed: unknown
2025-09-21 16:17:05,451 - modules.scoring - WARNING - No standards found for breed: unknown. Using generic standards.
2025-09-21 16:17:05,452 - modules.scoring - WARNING - Missing measurement or standard for trait: leg_structure
2025-09-21 16:17:05,452 - modules.scoring - WARNING - Missing measurement or standard for trait: overall_proportion
2025-09-21 16:17:05,452 - modules.scoring - INFO - Animal scored with overall score: 18.0, classification: poor
2025-09-21 16:17:05,452 - modules.ui - INFO - Classification completed successfully
2025-09-21 16:17:09,764 - modules.ui - INFO - Image loaded from C:/Users/Hardik/Downloads/3a23f621-54d9-4d7b-ad1a-800129bf3249.jpeg
2025-09-21 16:17:11,280 - modules.ui - INFO - Processing image...
2025-09-21 16:17:11,281 - main - INFO - Processing image: C:/Users/Hardik/Downloads/3a23f621-54d9-4d7b-ad1a-800129bf3249.jpeg
2025-09-21 16:17:11,282 - modules.image_processor - INFO - Preprocessing image
2025-09-21 16:17:11,282 - modules.image_processor - INFO - Loading image from C:/Users/Hardik/Downloads/3a23f621-54d9-4d7b-ad1a-800129bf3249.jpeg
2025-09-21 16:17:11,285 - modules.image_processor - INFO - Image loaded successfully
2025-09-21 16:17:11,290 - modules.image_processor - INFO - Image preprocessing completed
2025-09-21 16:17:11,290 - modules.ai_model - INFO - Extracting animal body features
2025-09-21 16:17:11,290 - modules.ai_model - INFO - Detecting animal keypoints
2025-09-21 16:17:11,375 - modules.ai_model - INFO - Detected 17 keypoints
2025-09-21 16:17:11,375 - modules.ai_model - INFO - Calculated 5 body measurements
2025-09-21 16:17:11,376 - modules.ai_model - INFO - Feature extraction completed
2025-09-21 16:17:11,376 - main - INFO - Generating classification scores
2025-09-21 16:17:11,376 - modules.scoring - INFO - Scoring animal traits for breed: unknown
2025-09-21 16:17:11,376 - modules.scoring - WARNING - No standards found for breed: unknown. Using generic standards.
2025-09-21 16:17:11,377 - modules.scoring - WARNING - Missing measurement or standard for trait: leg_structure
2025-09-21 16:17:11,377 - modules.scoring - WARNING - Missing measurement or standard for trait: overall_proportion
2025-09-21 16:17:11,377 - modules.scoring - INFO - Animal scored with overall score: 30.3, classification: poor
2025-09-21 16:17:11,378 - modules.ui - INFO - Classification completed successfully
2025-09-21 16:17:48,164 - modules.ui - INFO - Image loaded from C:/Users/Hardik/Downloads/80d39fca-3dfe-4c09-90cb-1e0ed655f176.jpeg
2025-09-21 16:17:48,808 - modules.ui - INFO - Processing image...
2025-09-21 16:17:48,809 - main - INFO - Processing image: C:/Users/Hardik/Downloads/80d39fca-3dfe-4c09-90cb-1e0ed655f176.jpeg
2025-09-21 16:17:48,809 - modules.image_processor - INFO - Preprocessing image
2025-09-21 16:17:48,809 - modules.image_processor - INFO - Loading image from C:/Users/Hardik/Downloads/80d39fca-3dfe-4c09-90cb-1e0ed655f176.jpeg
2025-09-21 16:17:48,817 - modules.image_processor - INFO - Image loaded successfully
2025-09-21 16:17:48,822 - modules.image_processor - INFO - Image preprocessing completed
2025-09-21 16:17:48,822 - modules.ai_model - INFO - Extracting animal body features
2025-09-21 16:17:48,822 - modules.ai_model - INFO - Detecting animal keypoints
2025-09-21 16:17:48,901 - modules.ai_model - INFO - Detected 17 keypoints
2025-09-21 16:17:48,902 - modules.ai_model - INFO - Calculated 5 body measurements
2025-09-21 16:17:48,902 - modules.ai_model - INFO - Feature extraction completed
2025-09-21 16:17:48,902 - main - INFO - Generating classification scores
2025-09-21 16:17:48,902 - modules.scoring - INFO - Scoring animal traits for breed: unknown
2025-09-21 16:17:48,903 - modules.scoring - WARNING - No standards found for breed: unknown. Using generic standards.
2025-09-21 16:17:48,903 - modules.scoring - WARNING - Missing measurement or standard for trait: leg_structure
2025-09-21 16:17:48,903 - modules.scoring - WARNING - Missing measurement or standard for trait: overall_proportion
2025-09-21 16:17:48,903 - modules.scoring - INFO - Animal scored with overall score: 18.0, classification: poor
2025-09-21 16:17:48,904 - modules.ui - INFO - Classification completed successfully
2025-09-21 16:18:50,756 - modules.ui - INFO - Image loaded from C:/Users/Hardik/Downloads/1a1c286c-c721-45ab-b6d5-0a6b517b2b04.jpeg
2025-09-21 16:18:51,891 - modules.ui - INFO - Processing image...
2025-09-21 16:18:51,893 - main - INFO - Processing image: C:/Users/Hardik/Downloads/1a1c286c-c721-45ab-b6d5-0a6b517b2b04.jpeg
2025-09-21 16:18:51,894 - modules.image_processor - INFO - Preprocessing image
2025-09-21 16:18:51,894 - modules.image_processor - INFO - Loading image from C:/Users/Hardik/Downloads/1a1c286c-c721-45ab-b6d5-0a6b517b2b04.jpeg
2025-09-21 16:18:51,901 - modules.image_processor - INFO - Image loaded successfully
2025-09-21 16:18:51,907 - modules.image_processor - INFO - Image preprocessing completed
2025-09-21 16:18:51,907 - modules.ai_model - INFO - Extracting animal body features
2025-09-21 16:18:51,907 - modules.ai_model - INFO - Detecting animal keypoints
2025-09-21 16:18:51,992 - modules.ai_model - INFO - Detected 17 keypoints
2025-09-21 16:18:51,993 - modules.ai_model - INFO - Calculated 5 body measurements
2025-09-21 16:18:51,993 - modules.ai_model - INFO - Feature extraction completed
2025-09-21 16:18:51,993 - main - INFO - Generating classification scores
2025-09-21 16:18:51,993 - modules.scoring - INFO - Scoring animal traits for breed: unknown
2025-09-21 16:18:51,993 - modules.scoring - WARNING - No standards found for breed: unknown. Using generic standards.
2025-09-21 16:18:51,994 - modules.scoring - WARNING - Missing measurement or standard for trait: leg_structure
2025-09-21 16:18:51,994 - modules.scoring - WARNING - Missing measurement or standard for trait: overall_proportion
2025-09-21 16:18:51,994 - modules.scoring - INFO - Animal scored with overall score: 18.0, classification: poor
2025-09-21 16:18:51,995 - modules.ui - INFO - Classification completed successfully
2025-09-21 16:18:53,569 - modules.ui - INFO - Processing image...
2025-09-21 16:18:53,571 - main - INFO - Processing image: C:/Users/Hardik/Downloads/1a1c286c-c721-45ab-b6d5-0a6b517b2b04.jpeg
2025-09-21 16:18:53,571 - modules.image_processor - INFO - Preprocessing image
2025-09-21 16:18:53,572 - modules.image_processor - INFO - Loading image from C:/Users/Hardik/Downloads/1a1c286c-c721-45ab-b6d5-0a6b517b2b04.jpeg
2025-09-21 16:18:53,580 - modules.image_processor - INFO - Image loaded successfully
2025-09-21 16:18:53,585 - modules.image_processor - INFO - Image preprocessing completed
2025-09-21 16:18:53,586 - modules.ai_model - INFO - Extracting animal body features
2025-09-21 16:18:53,586 - modules.ai_model - INFO - Detecting animal keypoints
2025-09-21 16:18:53,667 - modules.ai_model - INFO - Detected 17 keypoints
2025-09-21 16:18:53,667 - modules.ai_model - INFO - Calculated 5 body measurements
2025-09-21 16:18:53,667 - modules.ai_model - INFO - Feature extraction completed
2025-09-21 16:18:53,668 - main - INFO - Generating classification scores
2025-09-21 16:18:53,668 - modules.scoring - INFO - Scoring animal traits for breed: unknown
2025-09-21 16:18:53,668 - modules.scoring - WARNING - No standards found for breed: unknown. Using generic standards.
2025-09-21 16:18:53,668 - modules.scoring - WARNING - Missing measurement or standard for trait: leg_structure
2025-09-21 16:18:53,669 - modules.scoring - WARNING - Missing measurement or standard for trait: overall_proportion
2025-09-21 16:18:53,669 - modules.scoring - INFO - Animal scored with overall score: 18.0, classification: poor
2025-09-21 16:18:53,670 - modules.ui - INFO - Classification completed successfully
2025-09-21 16:18:53,770 - modules.ui - INFO - Processing image...
2025-09-21 16:18:53,771 - main - INFO - Processing image: C:/Users/Hardik/Downloads/1a1c286c-c721-45ab-b6d5-0a6b517b2b04.jpeg
2025-09-21 16:18:53,771 - modules.image_processor - INFO - Preprocessing image
2025-09-21 16:18:53,771 - modules.image_processor - INFO - Loading image from C:/Users/Hardik/Downloads/1a1c286c-c721-45ab-b6d5-0a6b517b2b04.jpeg
2025-09-21 16:18:53,780 - modules.image_processor - INFO - Image loaded successfully
2025-09-21 16:18:53,786 - modules.image_processor - INFO - Image preprocessing completed
2025-09-21 16:18:53,787 - modules.ai_model - INFO - Extracting animal body features
2025-09-21 16:18:53,787 - modules.ai_model - INFO - Detecting animal keypoints
2025-09-21 16:18:53,862 - modules.ai_model - INFO - Detected 17 keypoints
2025-09-21 16:18:53,862 - modules.ai_model - INFO - Calculated 5 body measurements
2025-09-21 16:18:53,862 - modules.ai_model - INFO - Feature extraction completed
2025-09-21 16:18:53,862 - main - INFO - Generating classification scores
2025-09-21 16:18:53,863 - modules.scoring - INFO - Scoring animal traits for breed: unknown
2025-09-21 16:18:53,863 - modules.scoring - WARNING - No standards found for breed: unknown. Using generic standards.
2025-09-21 16:18:53,863 - modules.scoring - WARNING - Missing measurement or standard for trait: leg_structure
2025-09-21 16:18:53,863 - modules.scoring - WARNING - Missing measurement or standard for trait: overall_proportion
2025-09-21 16:18:53,863 - modules.scoring - INFO - Animal scored with overall score: 18.0, classification: poor
2025-09-21 16:18:53,864 - modules.ui - INFO - Classification completed successfully
2025-09-21 16:18:53,947 - modules.ui - INFO - Processing image...
2025-09-21 16:18:53,949 - main - INFO - Processing image: C:/Users/Hardik/Downloads/1a1c286c-c721-45ab-b6d5-0a6b517b2b04.jpeg
2025-09-21 16:18:53,949 - modules.image_processor - INFO - Preprocessing image
2025-09-21 16:18:53,949 - modules.image_processor - INFO - Loading image from C:/Users/Hardik/Downloads/1a1c286c-c721-45ab-b6d5-0a6b517b2b04.jpeg
2025-09-21 16:18:53,956 - modules.image_processor - INFO - Image loaded successfully
2025-09-21 16:18:53,961 - modules.image_processor - INFO - Image preprocessing completed
2025-09-21 16:18:53,962 - modules.ai_model - INFO - Extracting animal body features
2025-09-21 16:18:53,962 - modules.ai_model - INFO - Detecting animal keypoints
2025-09-21 16:18:54,043 - modules.ai_model - INFO - Detected 17 keypoints
2025-09-21 16:18:54,044 - modules.ai_model - INFO - Calculated 5 body measurements
2025-09-21 16:18:54,044 - modules.ai_model - INFO - Feature extraction completed
2025-09-21 16:18:54,044 - main - INFO - Generating classification scores
2025-09-21 16:18:54,045 - modules.scoring - INFO - Scoring animal traits for breed: unknown
2025-09-21 16:18:54,045 - modules.scoring - WARNING - No standards found for breed: unknown. Using generic standards.
2025-09-21 16:18:54,045 - modules.scoring - WARNING - Missing measurement or standard for trait: leg_structure
2025-09-21 16:18:54,045 - modules.scoring - WARNING - Missing measurement or standard for trait: overall_proportion
2025-09-21 16:18:54,046 - modules.scoring - INFO - Animal scored with overall score: 18.0, classification: poor
2025-09-21 16:18:54,047 - modules.ui - INFO - Classification completed successfully
2025-09-21 16:18:54,110 - modules.ui - INFO - Processing image...
2025-09-21 16:18:54,112 - main - INFO - Processing image: C:/Users/Hardik/Downloads/1a1c286c-c721-45ab-b6d5-0a6b517b2b04.jpeg
2025-09-21 16:18:54,112 - modules.image_processor - INFO - Preprocessing image
2025-09-21 16:18:54,112 - modules.image_processor - INFO - Loading image from C:/Users/Hardik/Downloads/1a1c286c-c721-45ab-b6d5-0a6b517b2b04.jpeg
2025-09-21 16:18:54,119 - modules.image_processor - INFO - Image loaded successfully
2025-09-21 16:18:54,124 - modules.image_processor - INFO - Image preprocessing completed
2025-09-21 16:18:54,124 - modules.ai_model - INFO - Extracting animal body features
2025-09-21 16:18:54,124 - modules.ai_model - INFO - Detecting animal keypoints
2025-09-21 16:18:54,213 - modules.ai_model - INFO - Detected 17 keypoints
2025-09-21 16:18:54,213 - modules.ai_model - INFO - Calculated 5 body measurements
2025-09-21 16:18:54,213 - modules.ai_model - INFO - Feature extraction completed
2025-09-21 16:18:54,214 - main - INFO - Generating classification scores
2025-09-21 16:18:54,214 - modules.scoring - INFO - Scoring animal traits for breed: unknown
2025-09-21 16:18:54,214 - modules.scoring - WARNING - No standards found for breed: unknown. Using generic standards.
2025-09-21 16:18:54,214 - modules.scoring - WARNING - Missing measurement or standard for trait: leg_structure
2025-09-21 16:18:54,215 - modules.scoring - WARNING - Missing measurement or standard for trait: overall_proportion
2025-09-21 16:18:54,215 - modules.scoring - INFO - Animal scored with overall score: 18.0, classification: poor
2025-09-21 16:18:54,215 - modules.ui - INFO - Classification completed successfully
2025-09-21 16:18:58,295 - modules.ui - INFO - Image loaded from C:/Users/Hardik/Downloads/3a23f621-54d9-4d7b-ad1a-800129bf3249.jpeg
2025-09-21 16:18:59,200 - modules.ui - INFO - Processing image...
2025-09-21 16:18:59,201 - main - INFO - Processing image: C:/Users/Hardik/Downloads/3a23f621-54d9-4d7b-ad1a-800129bf3249.jpeg
2025-09-21 16:18:59,202 - modules.image_processor - INFO - Preprocessing image
2025-09-21 16:18:59,202 - modules.image_processor - INFO - Loading image from C:/Users/Hardik/Downloads/3a23f621-54d9-4d7b-ad1a-800129bf3249.jpeg
2025-09-21 16:18:59,203 - modules.image_processor - INFO - Image loaded successfully
2025-09-21 16:18:59,207 - modules.image_processor - INFO - Image preprocessing completed
2025-09-21 16:18:59,208 - modules.ai_model - INFO - Extracting animal body features
2025-09-21 16:18:59,208 - modules.ai_model - INFO - Detecting animal keypoints
2025-09-21 16:18:59,281 - modules.ai_model - INFO - Detected 17 keypoints
2025-09-21 16:18:59,281 - modules.ai_model - INFO - Calculated 5 body measurements
2025-09-21 16:18:59,281 - modules.ai_model - INFO - Feature extraction completed
2025-09-21 16:18:59,281 - main - INFO - Generating classification scores
2025-09-21 16:18:59,283 - modules.scoring - INFO - Scoring animal traits for breed: unknown
2025-09-21 16:18:59,283 - modules.scoring - WARNING - No standards found for breed: unknown. Using generic standards.
2025-09-21 16:18:59,283 - modules.scoring - WARNING - Missing measurement or standard for trait: leg_structure
2025-09-21 16:18:59,283 - modules.scoring - WARNING - Missing measurement or standard for trait: overall_proportion
2025-09-21 16:18:59,283 - modules.scoring - INFO - Animal scored with overall score: 30.3, classification: poor
2025-09-21 16:18:59,284 - modules.ui - INFO - Classification completed successfully
2025-09-21 16:19:04,023 - modules.ui - INFO - Image loaded from C:/Users/Hardik/Downloads/80d39fca-3dfe-4c09-90cb-1e0ed655f176.jpeg
2025-09-21 16:19:07,175 - modules.ui - INFO - Processing image...
2025-09-21 16:19:07,176 - main - INFO - Processing image: C:/Users/Hardik/Downloads/80d39fca-3dfe-4c09-90cb-1e0ed655f176.jpeg
2025-09-21 16:19:07,177 - modules.image_processor - INFO - Preprocessing image
2025-09-21 16:19:07,177 - modules.image_processor - INFO - Loading image from C:/Users/Hardik/Downloads/80d39fca-3dfe-4c09-90cb-1e0ed655f176.jpeg
2025-09-21 16:19:07,185 - modules.image_processor - INFO - Image loaded successfully
2025-09-21 16:19:07,191 - modules.image_processor - INFO - Image preprocessing completed
2025-09-21 16:19:07,191 - modules.ai_model - INFO - Extracting animal body features
2025-09-21 16:19:07,191 - modules.ai_model - INFO - Detecting animal keypoints
2025-09-21 16:19:07,277 - modules.ai_model - INFO - Detected 17 keypoints
2025-09-21 16:19:07,278 - modules.ai_model - INFO - Calculated 5 body measurements
2025-09-21 16:19:07,278 - modules.ai_model - INFO - Feature extraction completed
2025-09-21 16:19:07,278 - main - INFO - Generating classification scores
2025-09-21 16:19:07,279 - modules.scoring - INFO - Scoring animal traits for breed: unknown
2025-09-21 16:19:07,279 - modules.scoring - WARNING - No standards found for breed: unknown. Using generic standards.
2025-09-21 16:19:07,279 - modules.scoring - WARNING - Missing measurement or standard for trait: leg_structure
2025-09-21 16:19:07,280 - modules.scoring - WARNING - Missing measurement or standard for trait: overall_proportion
2025-09-21 16:19:07,280 - modules.scoring - INFO - Animal scored with overall score: 18.0, classification: poor
2025-09-21 16:19:07,281 - modules.ui - INFO - Classification completed successfully
2025-09-21 16:19:12,995 - modules.ui - INFO - Image loaded from C:/Users/Hardik/Downloads/cbcdda46-97f0-4ea0-891b-0080c8142e24.jpeg
2025-09-21 16:19:13,925 - modules.ui - INFO - Processing image...
2025-09-21 16:19:13,926 - main - INFO - Processing image: C:/Users/Hardik/Downloads/cbcdda46-97f0-4ea0-891b-0080c8142e24.jpeg
2025-09-21 16:19:13,927 - modules.image_processor - INFO - Preprocessing image
2025-09-21 16:19:13,927 - modules.image_processor - INFO - Loading image from C:/Users/Hardik/Downloads/cbcdda46-97f0-4ea0-891b-0080c8142e24.jpeg
2025-09-21 16:19:13,937 - modules.image_processor - INFO - Image loaded successfully
2025-09-21 16:19:13,943 - modules.image_processor - INFO - Image preprocessing completed
2025-09-21 16:19:13,943 - modules.ai_model - INFO - Extracting animal body features
2025-09-21 16:19:13,943 - modules.ai_model - INFO - Detecting animal keypoints
2025-09-21 16:19:14,031 - modules.ai_model - INFO - Detected 17 keypoints
2025-09-21 16:19:14,032 - modules.ai_model - INFO - Calculated 5 body measurements
2025-09-21 16:19:14,032 - modules.ai_model - INFO - Feature extraction completed
2025-09-21 16:19:14,032 - main - INFO - Generating classification scores
2025-09-21 16:19:14,033 - modules.scoring - INFO - Scoring animal traits for breed: unknown
2025-09-21 16:19:14,033 - modules.scoring - WARNING - No standards found for breed: unknown. Using generic standards.
2025-09-21 16:19:14,033 - modules.scoring - WARNING - Missing measurement or standard for trait: leg_structure
2025-09-21 16:19:14,033 - modules.scoring - WARNING - Missing measurement or standard for trait: overall_proportion
2025-09-21 16:19:14,034 - modules.scoring - INFO - Animal scored with overall score: 18.0, classification: poor
2025-09-21 16:19:14,035 - modules.ui - INFO - Classification completed successfully
2025-09-21 16:19:19,216 - modules.ui - INFO - Processing image...
2025-09-21 16:19:19,218 - main - INFO - Processing image: C:/Users/Hardik/Downloads/cbcdda46-97f0-4ea0-891b-0080c8142e24.jpeg
2025-09-21 16:19:19,219 - modules.image_processor - INFO - Preprocessing image
2025-09-21 16:19:19,219 - modules.image_processor - INFO - Loading image from C:/Users/Hardik/Downloads/cbcdda46-97f0-4ea0-891b-0080c8142e24.jpeg
2025-09-21 16:19:19,230 - modules.image_processor - INFO - Image loaded successfully
2025-09-21 16:19:19,235 - modules.image_processor - INFO - Image preprocessing completed
2025-09-21 16:19:19,235 - modules.ai_model - INFO - Extracting animal body features
2025-09-21 16:19:19,235 - modules.ai_model - INFO - Detecting animal keypoints
2025-09-21 16:19:19,311 - modules.ai_model - INFO - Detected 17 keypoints
2025-09-21 16:19:19,311 - modules.ai_model - INFO - Calculated 5 body measurements
2025-09-21 16:19:19,312 - modules.ai_model - INFO - Feature extraction completed
2025-09-21 16:19:19,312 - main - INFO - Generating classification scores
2025-09-21 16:19:19,312 - modules.scoring - INFO - Scoring animal traits for breed: unknown
2025-09-21 16:19:19,312 - modules.scoring - WARNING - No standards found for breed: unknown. Using generic standards.
2025-09-21 16:19:19,312 - modules.scoring - WARNING - Missing measurement or standard for trait: leg_structure
2025-09-21 16:19:19,312 - modules.scoring - WARNING - Missing measurement or standard for trait: overall_proportion
2025-09-21 16:19:19,313 - modules.scoring - INFO - Animal scored with overall score: 18.0, classification: poor
2025-09-21 16:19:19,313 - modules.ui - INFO - Classification completed successfully
2025-09-21 16:19:19,791 - modules.ui - INFO - Processing image...
2025-09-21 16:19:19,792 - main - INFO - Processing image: C:/Users/Hardik/Downloads/cbcdda46-97f0-4ea0-891b-0080c8142e24.jpeg
2025-09-21 16:19:19,793 - modules.image_processor - INFO - Preprocessing image
2025-09-21 16:19:19,793 - modules.image_processor - INFO - Loading image from C:/Users/Hardik/Downloads/cbcdda46-97f0-4ea0-891b-0080c8142e24.jpeg
2025-09-21 16:19:19,805 - modules.image_processor - INFO - Image loaded successfully
2025-09-21 16:19:19,811 - modules.image_processor - INFO - Image preprocessing completed
2025-09-21 16:19:19,811 - modules.ai_model - INFO - Extracting animal body features
2025-09-21 16:19:19,812 - modules.ai_model - INFO - Detecting animal keypoints
2025-09-21 16:19:19,893 - modules.ai_model - INFO - Detected 17 keypoints
2025-09-21 16:19:19,894 - modules.ai_model - INFO - Calculated 5 body measurements
2025-09-21 16:19:19,894 - modules.ai_model - INFO - Feature extraction completed
2025-09-21 16:19:19,894 - main - INFO - Generating classification scores
2025-09-21 16:19:19,895 - modules.scoring - INFO - Scoring animal traits for breed: unknown
2025-09-21 16:19:19,895 - modules.scoring - WARNING - No standards found for breed: unknown. Using generic standards.
2025-09-21 16:19:19,895 - modules.scoring - WARNING - Missing measurement or standard for trait: leg_structure
2025-09-21 16:19:19,895 - modules.scoring - WARNING - Missing measurement or standard for trait: overall_proportion
2025-09-21 16:19:19,896 - modules.scoring - INFO - Animal scored with overall score: 18.0, classification: poor
2025-09-21 16:19:19,897 - modules.ui - INFO - Classification completed successfully
2025-09-21 16:19:24,383 - modules.ui - INFO - Image loaded from C:/Users/Hardik/Downloads/ed279de0-8939-4634-837b-b280bde6cd7e.jpeg
2025-09-21 16:19:26,331 - modules.ui - INFO - Processing image...
2025-09-21 16:19:26,332 - main - INFO - Processing image: C:/Users/Hardik/Downloads/ed279de0-8939-4634-837b-b280bde6cd7e.jpeg
2025-09-21 16:19:26,333 - modules.image_processor - INFO - Preprocessing image
2025-09-21 16:19:26,333 - modules.image_processor - INFO - Loading image from C:/Users/Hardik/Downloads/ed279de0-8939-4634-837b-b280bde6cd7e.jpeg
2025-09-21 16:19:26,342 - modules.image_processor - INFO - Image loaded successfully
2025-09-21 16:19:26,347 - modules.image_processor - INFO - Image preprocessing completed
2025-09-21 16:19:26,348 - modules.ai_model - INFO - Extracting animal body features
2025-09-21 16:19:26,348 - modules.ai_model - INFO - Detecting animal keypoints
2025-09-21 16:19:26,432 - modules.ai_model - INFO - Detected 17 keypoints
2025-09-21 16:19:26,432 - modules.ai_model - INFO - Calculated 5 body measurements
2025-09-21 16:19:26,432 - modules.ai_model - INFO - Feature extraction completed
2025-09-21 16:19:26,433 - main - INFO - Generating classification scores
2025-09-21 16:19:26,433 - modules.scoring - INFO - Scoring animal traits for breed: unknown
2025-09-21 16:19:26,433 - modules.scoring - WARNING - No standards found for breed: unknown. Using generic standards.
2025-09-21 16:19:26,433 - modules.scoring - WARNING - Missing measurement or standard for trait: leg_structure
2025-09-21 16:19:26,433 - modules.scoring - WARNING - Missing measurement or standard for trait: overall_proportion
2025-09-21 16:19:26,433 - modules.scoring - INFO - Animal scored with overall score: 18.0, classification: poor
2025-09-21 16:19:26,435 - modules.ui - INFO - Classification completed successfully
2025-09-21 16:19:27,486 - modules.ui - INFO - Processing image...
2025-09-21 16:19:27,488 - main - INFO - Processing image: C:/Users/Hardik/Downloads/ed279de0-8939-4634-837b-b280bde6cd7e.jpeg
2025-09-21 16:19:27,488 - modules.image_processor - INFO - Preprocessing image
2025-09-21 16:19:27,489 - modules.image_processor - INFO - Loading image from C:/Users/Hardik/Downloads/ed279de0-8939-4634-837b-b280bde6cd7e.jpeg
2025-09-21 16:19:27,498 - modules.image_processor - INFO - Image loaded successfully
2025-09-21 16:19:27,503 - modules.image_processor - INFO - Image preprocessing completed
2025-09-21 16:19:27,504 - modules.ai_model - INFO - Extracting animal body features
2025-09-21 16:19:27,504 - modules.ai_model - INFO - Detecting animal keypoints
2025-09-21 16:19:27,582 - modules.ai_model - INFO - Detected 17 keypoints
2025-09-21 16:19:27,582 - modules.ai_model - INFO - Calculated 5 body measurements
2025-09-21 16:19:27,583 - modules.ai_model - INFO - Feature extraction completed
2025-09-21 16:19:27,583 - main - INFO - Generating classification scores
2025-09-21 16:19:27,583 - modules.scoring - INFO - Scoring animal traits for breed: unknown
2025-09-21 16:19:27,583 - modules.scoring - WARNING - No standards found for breed: unknown. Using generic standards.
2025-09-21 16:19:27,584 - modules.scoring - WARNING - Missing measurement or standard for trait: leg_structure
2025-09-21 16:19:27,584 - modules.scoring - WARNING - Missing measurement or standard for trait: overall_proportion
2025-09-21 16:19:27,584 - modules.scoring - INFO - Animal scored with overall score: 18.0, classification: poor
2025-09-21 16:19:27,585 - modules.ui - INFO - Classification completed successfully
2025-09-21 16:19:27,660 - modules.ui - INFO - Processing image...
2025-09-21 16:19:27,662 - main - INFO - Processing image: C:/Users/Hardik/Downloads/ed279de0-8939-4634-837b-b280bde6cd7e.jpeg
2025-09-21 16:19:27,662 - modules.image_processor - INFO - Preprocessing image
2025-09-21 16:19:27,663 - modules.image_processor - INFO - Loading image from C:/Users/Hardik/Downloads/ed279de0-8939-4634-837b-b280bde6cd7e.jpeg
2025-09-21 16:19:27,671 - modules.image_processor - INFO - Image loaded successfully
2025-09-21 16:19:27,675 - modules.image_processor - INFO - Image preprocessing completed
2025-09-21 16:19:27,676 - modules.ai_model - INFO - Extracting animal body features
2025-09-21 16:19:27,676 - modules.ai_model - INFO - Detecting animal keypoints
2025-09-21 16:19:27,759 - modules.ai_model - INFO - Detected 17 keypoints
2025-09-21 16:19:27,759 - modules.ai_model - INFO - Calculated 5 body measurements
2025-09-21 16:19:27,759 - modules.ai_model - INFO - Feature extraction completed
2025-09-21 16:19:27,759 - main - INFO - Generating classification scores
2025-09-21 16:19:27,760 - modules.scoring - INFO - Scoring animal traits for breed: unknown
2025-09-21 16:19:27,760 - modules.scoring - WARNING - No standards found for breed: unknown. Using generic standards.
2025-09-21 16:19:27,760 - modules.scoring - WARNING - Missing measurement or standard for trait: leg_structure
2025-09-21 16:19:27,760 - modules.scoring - WARNING - Missing measurement or standard for trait: overall_proportion
2025-09-21 16:19:27,761 - modules.scoring - INFO - Animal scored with overall score: 18.0, classification: poor
2025-09-21 16:19:27,761 - modules.ui - INFO - Classification completed successfully
2025-09-21 16:19:27,791 - modules.ui - INFO - Processing image...
2025-09-21 16:19:27,792 - main - INFO - Processing image: C:/Users/Hardik/Downloads/ed279de0-8939-4634-837b-b280bde6cd7e.jpeg
2025-09-21 16:19:27,792 - modules.image_processor - INFO - Preprocessing image
2025-09-21 16:19:27,792 - modules.image_processor - INFO - Loading image from C:/Users/Hardik/Downloads/ed279de0-8939-4634-837b-b280bde6cd7e.jpeg
2025-09-21 16:19:27,799 - modules.image_processor - INFO - Image loaded successfully
2025-09-21 16:19:27,803 - modules.image_processor - INFO - Image preprocessing completed
2025-09-21 16:19:27,804 - modules.ai_model - INFO - Extracting animal body features
2025-09-21 16:19:27,804 - modules.ai_model - INFO - Detecting animal keypoints
2025-09-21 16:19:27,878 - modules.ai_model - INFO - Detected 17 keypoints
2025-09-21 16:19:27,878 - modules.ai_model - INFO - Calculated 5 body measurements
2025-09-21 16:19:27,879 - modules.ai_model - INFO - Feature extraction completed
2025-09-21 16:19:27,879 - main - INFO - Generating classification scores
2025-09-21 16:19:27,879 - modules.scoring - INFO - Scoring animal traits for breed: unknown
2025-09-21 16:19:27,879 - modules.scoring - WARNING - No standards found for breed: unknown. Using generic standards.
2025-09-21 16:19:27,880 - modules.scoring - WARNING - Missing measurement or standard for trait: leg_structure
2025-09-21 16:19:27,880 - modules.scoring - WARNING - Missing measurement or standard for trait: overall_proportion
2025-09-21 16:19:27,880 - modules.scoring - INFO - Animal scored with overall score: 18.0, classification: poor
2025-09-21 16:19:27,880 - modules.ui - INFO - Classification completed successfully
2025-09-21 16:19:27,927 - modules.ui - INFO - Processing image...
2025-09-21 16:19:27,928 - main - INFO - Processing image: C:/Users/Hardik/Downloads/ed279de0-8939-4634-837b-b280bde6cd7e.jpeg
2025-09-21 16:19:27,929 - modules.image_processor - INFO - Preprocessing image
2025-09-21 16:19:27,929 - modules.image_processor - INFO - Loading image from C:/Users/Hardik/Downloads/ed279de0-8939-4634-837b-b280bde6cd7e.jpeg
2025-09-21 16:19:27,935 - modules.image_processor - INFO - Image loaded successfully
2025-09-21 16:19:27,940 - modules.image_processor - INFO - Image preprocessing completed
2025-09-21 16:19:27,941 - modules.ai_model - INFO - Extracting animal body features
2025-09-21 16:19:27,941 - modules.ai_model - INFO - Detecting animal keypoints
2025-09-21 16:19:28,017 - modules.ai_model - INFO - Detected 17 keypoints
2025-09-21 16:19:28,017 - modules.ai_model - INFO - Calculated 5 body measurements
2025-09-21 16:19:28,017 - modules.ai_model - INFO - Feature extraction completed
2025-09-21 16:19:28,017 - main - INFO - Generating classification scores
2025-09-21 16:19:28,018 - modules.scoring - INFO - Scoring animal traits for breed: unknown
2025-09-21 16:19:28,018 - modules.scoring - WARNING - No standards found for breed: unknown. Using generic standards.
2025-09-21 16:19:28,018 - modules.scoring - WARNING - Missing measurement or standard for trait: leg_structure
2025-09-21 16:19:28,018 - modules.scoring - WARNING - Missing measurement or standard for trait: overall_proportion
2025-09-21 16:19:28,018 - modules.scoring - INFO - Animal scored with overall score: 18.0, classification: poor
2025-09-21 16:19:28,019 - modules.ui - INFO - Classification completed successfully
2025-09-21 16:19:28,069 - modules.ui - INFO - Processing image...
2025-09-21 16:19:28,070 - main - INFO - Processing image: C:/Users/Hardik/Downloads/ed279de0-8939-4634-837b-b280bde6cd7e.jpeg
2025-09-21 16:19:28,070 - modules.image_processor - INFO - Preprocessing image
2025-09-21 16:19:28,070 - modules.image_processor - INFO - Loading image from C:/Users/Hardik/Downloads/ed279de0-8939-4634-837b-b280bde6cd7e.jpeg
2025-09-21 16:19:28,077 - modules.image_processor - INFO - Image loaded successfully
2025-09-21 16:19:28,082 - modules.image_processor - INFO - Image preprocessing completed
2025-09-21 16:19:28,082 - modules.ai_model - INFO - Extracting animal body features
2025-09-21 16:19:28,082 - modules.ai_model - INFO - Detecting animal keypoints
2025-09-21 16:19:28,165 - modules.ai_model - INFO - Detected 17 keypoints
2025-09-21 16:19:28,172 - modules.ai_model - INFO - Calculated 5 body measurements
2025-09-21 16:19:28,173 - modules.ai_model - INFO - Feature extraction completed
2025-09-21 16:19:28,173 - main - INFO - Generating classification scores
2025-09-21 16:19:28,173 - modules.scoring - INFO - Scoring animal traits for breed: unknown
2025-09-21 16:19:28,174 - modules.scoring - WARNING - No standards found for breed: unknown. Using generic standards.
2025-09-21 16:19:28,174 - modules.scoring - WARNING - Missing measurement or standard for trait: leg_structure
2025-09-21 16:19:28,174 - modules.scoring - WARNING - Missing measurement or standard for trait: overall_proportion
2025-09-21 16:19:28,174 - modules.scoring - INFO - Animal scored with overall score: 18.0, classification: poor
2025-09-21 16:19:28,175 - modules.ui - INFO - Classification completed successfully
2025-09-21 16:19:28,332 - modules.ui - INFO - Processing image...
2025-09-21 16:19:28,334 - main - INFO - Processing image: C:/Users/Hardik/Downloads/ed279de0-8939-4634-837b-b280bde6cd7e.jpeg
2025-09-21 16:19:28,334 - modules.image_processor - INFO - Preprocessing image
2025-09-21 16:19:28,335 - modules.image_processor - INFO - Loading image from C:/Users/Hardik/Downloads/ed279de0-8939-4634-837b-b280bde6cd7e.jpeg
2025-09-21 16:19:28,343 - modules.image_processor - INFO - Image loaded successfully
2025-09-21 16:19:28,347 - modules.image_processor - INFO - Image preprocessing completed
2025-09-21 16:19:28,348 - modules.ai_model - INFO - Extracting animal body features
2025-09-21 16:19:28,348 - modules.ai_model - INFO - Detecting animal keypoints
2025-09-21 16:19:28,431 - modules.ai_model - INFO - Detected 17 keypoints
2025-09-21 16:19:28,431 - modules.ai_model - INFO - Calculated 5 body measurements
2025-09-21 16:19:28,432 - modules.ai_model - INFO - Feature extraction completed
2025-09-21 16:19:28,432 - main - INFO - Generating classification scores
2025-09-21 16:19:28,432 - modules.scoring - INFO - Scoring animal traits for breed: unknown
2025-09-21 16:19:28,432 - modules.scoring - WARNING - No standards found for breed: unknown. Using generic standards.
2025-09-21 16:19:28,434 - modules.scoring - WARNING - Missing measurement or standard for trait: leg_structure
2025-09-21 16:19:28,434 - modules.scoring - WARNING - Missing measurement or standard for trait: overall_proportion
2025-09-21 16:19:28,434 - modules.scoring - INFO - Animal scored with overall score: 18.0, classification: poor
2025-09-21 16:19:28,435 - modules.ui - INFO - Classification completed successfully
2025-09-21 16:19:28,506 - modules.ui - INFO - Processing image...
2025-09-21 16:19:28,508 - main - INFO - Processing image: C:/Users/Hardik/Downloads/ed279de0-8939-4634-837b-b280bde6cd7e.jpeg
2025-09-21 16:19:28,509 - modules.image_processor - INFO - Preprocessing image
2025-09-21 16:19:28,509 - modules.image_processor - INFO - Loading image from C:/Users/Hardik/Downloads/ed279de0-8939-4634-837b-b280bde6cd7e.jpeg
2025-09-21 16:19:28,518 - modules.image_processor - INFO - Image loaded successfully
2025-09-21 16:19:28,523 - modules.image_processor - INFO - Image preprocessing completed
2025-09-21 16:19:28,524 - modules.ai_model - INFO - Extracting animal body features
2025-09-21 16:19:28,524 - modules.ai_model - INFO - Detecting animal keypoints
2025-09-21 16:19:28,601 - modules.ai_model - INFO - Detected 17 keypoints
2025-09-21 16:19:28,601 - modules.ai_model - INFO - Calculated 5 body measurements
2025-09-21 16:19:28,602 - modules.ai_model - INFO - Feature extraction completed
2025-09-21 16:19:28,602 - main - INFO - Generating classification scores
2025-09-21 16:19:28,602 - modules.scoring - INFO - Scoring animal traits for breed: unknown
2025-09-21 16:19:28,602 - modules.scoring - WARNING - No standards found for breed: unknown. Using generic standards.
2025-09-21 16:19:28,603 - modules.scoring - WARNING - Missing measurement or standard for trait: leg_structure
2025-09-21 16:19:28,603 - modules.scoring - WARNING - Missing measurement or standard for trait: overall_proportion
2025-09-21 16:19:28,603 - modules.scoring - INFO - Animal scored with overall score: 18.0, classification: poor
2025-09-21 16:19:28,604 - modules.ui - INFO - Classification completed successfully
2025-09-21 16:19:28,630 - modules.ui - INFO - Processing image...
2025-09-21 16:19:28,631 - main - INFO - Processing image: C:/Users/Hardik/Downloads/ed279de0-8939-4634-837b-b280bde6cd7e.jpeg
2025-09-21 16:19:28,631 - modules.image_processor - INFO - Preprocessing image
2025-09-21 16:19:28,633 - modules.image_processor - INFO - Loading image from C:/Users/Hardik/Downloads/ed279de0-8939-4634-837b-b280bde6cd7e.jpeg
2025-09-21 16:19:28,639 - modules.image_processor - INFO - Image loaded successfully
2025-09-21 16:19:28,644 - modules.image_processor - INFO - Image preprocessing completed
2025-09-21 16:19:28,645 - modules.ai_model - INFO - Extracting animal body features
2025-09-21 16:19:28,645 - modules.ai_model - INFO - Detecting animal keypoints
2025-09-21 16:19:28,726 - modules.ai_model - INFO - Detected 17 keypoints
2025-09-21 16:19:28,726 - modules.ai_model - INFO - Calculated 5 body measurements
2025-09-21 16:19:28,726 - modules.ai_model - INFO - Feature extraction completed
2025-09-21 16:19:28,727 - main - INFO - Generating classification scores
2025-09-21 16:19:28,727 - modules.scoring - INFO - Scoring animal traits for breed: unknown
2025-09-21 16:19:28,727 - modules.scoring - WARNING - No standards found for breed: unknown. Using generic standards.
2025-09-21 16:19:28,727 - modules.scoring - WARNING - Missing measurement or standard for trait: leg_structure
2025-09-21 16:19:28,728 - modules.scoring - WARNING - Missing measurement or standard for trait: overall_proportion
2025-09-21 16:19:28,728 - modules.scoring - INFO - Animal scored with overall score: 18.0, classification: poor
2025-09-21 16:19:28,729 - modules.ui - INFO - Classification completed successfully
2025-09-21 16:19:28,916 - modules.ui - INFO - Processing image...
2025-09-21 16:19:28,916 - main - INFO - Processing image: C:/Users/Hardik/Downloads/ed279de0-8939-4634-837b-b280bde6cd7e.jpeg
2025-09-21 16:19:28,918 - modules.image_processor - INFO - Preprocessing image
2025-09-21 16:19:28,918 - modules.image_processor - INFO - Loading image from C:/Users/Hardik/Downloads/ed279de0-8939-4634-837b-b280bde6cd7e.jpeg
2025-09-21 16:19:28,924 - modules.image_processor - INFO - Image loaded successfully
2025-09-21 16:19:28,929 - modules.image_processor - INFO - Image preprocessing completed
2025-09-21 16:19:28,929 - modules.ai_model - INFO - Extracting animal body features
2025-09-21 16:19:28,929 - modules.ai_model - INFO - Detecting animal keypoints
2025-09-21 16:19:29,006 - modules.ai_model - INFO - Detected 17 keypoints
2025-09-21 16:19:29,006 - modules.ai_model - INFO - Calculated 5 body measurements
2025-09-21 16:19:29,006 - modules.ai_model - INFO - Feature extraction completed
2025-09-21 16:19:29,006 - main - INFO - Generating classification scores
2025-09-21 16:19:29,007 - modules.scoring - INFO - Scoring animal traits for breed: unknown
2025-09-21 16:19:29,007 - modules.scoring - WARNING - No standards found for breed: unknown. Using generic standards.
2025-09-21 16:19:29,007 - modules.scoring - WARNING - Missing measurement or standard for trait: leg_structure
2025-09-21 16:19:29,007 - modules.scoring - WARNING - Missing measurement or standard for trait: overall_proportion
2025-09-21 16:19:29,007 - modules.scoring - INFO - Animal scored with overall score: 18.0, classification: poor
2025-09-21 16:19:29,008 - modules.ui - INFO - Classification completed successfully
2025-09-21 16:19:29,071 - modules.ui - INFO - Processing image...
2025-09-21 16:19:29,072 - main - INFO - Processing image: C:/Users/Hardik/Downloads/ed279de0-8939-4634-837b-b280bde6cd7e.jpeg
2025-09-21 16:19:29,073 - modules.image_processor - INFO - Preprocessing image
2025-09-21 16:19:29,073 - modules.image_processor - INFO - Loading image from C:/Users/Hardik/Downloads/ed279de0-8939-4634-837b-b280bde6cd7e.jpeg
2025-09-21 16:19:29,081 - modules.image_processor - INFO - Image loaded successfully
2025-09-21 16:19:29,086 - modules.image_processor - INFO - Image preprocessing completed
2025-09-21 16:19:29,086 - modules.ai_model - INFO - Extracting animal body features
2025-09-21 16:19:29,087 - modules.ai_model - INFO - Detecting animal keypoints
2025-09-21 16:19:29,170 - modules.ai_model - INFO - Detected 17 keypoints
2025-09-21 16:19:29,170 - modules.ai_model - INFO - Calculated 5 body measurements
2025-09-21 16:19:29,170 - modules.ai_model - INFO - Feature extraction completed
2025-09-21 16:19:29,171 - main - INFO - Generating classification scores
2025-09-21 16:19:29,171 - modules.scoring - INFO - Scoring animal traits for breed: unknown
2025-09-21 16:19:29,171 - modules.scoring - WARNING - No standards found for breed: unknown. Using generic standards.
2025-09-21 16:19:29,171 - modules.scoring - WARNING - Missing measurement or standard for trait: leg_structure
2025-09-21 16:19:29,171 - modules.scoring - WARNING - Missing measurement or standard for trait: overall_proportion
2025-09-21 16:19:29,171 - modules.scoring - INFO - Animal scored with overall score: 18.0, classification: poor
2025-09-21 16:19:29,172 - modules.ui - INFO - Classification completed successfully
2025-09-21 16:19:29,208 - modules.ui - INFO - Processing image...
2025-09-21 16:19:29,209 - main - INFO - Processing image: C:/Users/Hardik/Downloads/ed279de0-8939-4634-837b-b280bde6cd7e.jpeg
2025-09-21 16:19:29,210 - modules.image_processor - INFO - Preprocessing image
2025-09-21 16:19:29,210 - modules.image_processor - INFO - Loading image from C:/Users/Hardik/Downloads/ed279de0-8939-4634-837b-b280bde6cd7e.jpeg
2025-09-21 16:19:29,217 - modules.image_processor - INFO - Image loaded successfully
2025-09-21 16:19:29,222 - modules.image_processor - INFO - Image preprocessing completed
2025-09-21 16:19:29,223 - modules.ai_model - INFO - Extracting animal body features
2025-09-21 16:19:29,223 - modules.ai_model - INFO - Detecting animal keypoints
2025-09-21 16:19:29,302 - modules.ai_model - INFO - Detected 17 keypoints
2025-09-21 16:19:29,303 - modules.ai_model - INFO - Calculated 5 body measurements
2025-09-21 16:19:29,303 - modules.ai_model - INFO - Feature extraction completed
2025-09-21 16:19:29,303 - main - INFO - Generating classification scores
2025-09-21 16:19:29,303 - modules.scoring - INFO - Scoring animal traits for breed: unknown
2025-09-21 16:19:29,303 - modules.scoring - WARNING - No standards found for breed: unknown. Using generic standards.
2025-09-21 16:19:29,303 - modules.scoring - WARNING - Missing measurement or standard for trait: leg_structure
2025-09-21 16:19:29,303 - modules.scoring - WARNING - Missing measurement or standard for trait: overall_proportion
2025-09-21 16:19:29,303 - modules.scoring - INFO - Animal scored with overall score: 18.0, classification: poor
2025-09-21 16:19:29,305 - modules.ui - INFO - Classification completed successfully
2025-09-21 16:19:29,374 - modules.ui - INFO - Processing image...
2025-09-21 16:19:29,375 - main - INFO - Processing image: C:/Users/Hardik/Downloads/ed279de0-8939-4634-837b-b280bde6cd7e.jpeg
2025-09-21 16:19:29,376 - modules.image_processor - INFO - Preprocessing image
2025-09-21 16:19:29,376 - modules.image_processor - INFO - Loading image from C:/Users/Hardik/Downloads/ed279de0-8939-4634-837b-b280bde6cd7e.jpeg
2025-09-21 16:19:29,383 - modules.image_processor - INFO - Image loaded successfully
2025-09-21 16:19:29,388 - modules.image_processor - INFO - Image preprocessing completed
2025-09-21 16:19:29,389 - modules.ai_model - INFO - Extracting animal body features
2025-09-21 16:19:29,389 - modules.ai_model - INFO - Detecting animal keypoints
2025-09-21 16:19:29,468 - modules.ai_model - INFO - Detected 17 keypoints
2025-09-21 16:19:29,469 - modules.ai_model - INFO - Calculated 5 body measurements
2025-09-21 16:19:29,469 - modules.ai_model - INFO - Feature extraction completed
2025-09-21 16:19:29,469 - main - INFO - Generating classification scores
2025-09-21 16:19:29,470 - modules.scoring - INFO - Scoring animal traits for breed: unknown
2025-09-21 16:19:29,470 - modules.scoring - WARNING - No standards found for breed: unknown. Using generic standards.
2025-09-21 16:19:29,470 - modules.scoring - WARNING - Missing measurement or standard for trait: leg_structure
2025-09-21 16:19:29,470 - modules.scoring - WARNING - Missing measurement or standard for trait: overall_proportion
2025-09-21 16:19:29,471 - modules.scoring - INFO - Animal scored with overall score: 18.0, classification: poor
2025-09-21 16:19:29,471 - modules.ui - INFO - Classification completed successfully
2025-09-21 16:19:29,533 - modules.ui - INFO - Processing image...
2025-09-21 16:19:29,535 - main - INFO - Processing image: C:/Users/Hardik/Downloads/ed279de0-8939-4634-837b-b280bde6cd7e.jpeg
2025-09-21 16:19:29,536 - modules.image_processor - INFO - Preprocessing image
2025-09-21 16:19:29,536 - modules.image_processor - INFO - Loading image from C:/Users/Hardik/Downloads/ed279de0-8939-4634-837b-b280bde6cd7e.jpeg
2025-09-21 16:19:29,544 - modules.image_processor - INFO - Image loaded successfully
2025-09-21 16:19:29,549 - modules.image_processor - INFO - Image preprocessing completed
2025-09-21 16:19:29,550 - modules.ai_model - INFO - Extracting animal body features
2025-09-21 16:19:29,550 - modules.ai_model - INFO - Detecting animal keypoints
2025-09-21 16:19:29,631 - modules.ai_model - INFO - Detected 17 keypoints
2025-09-21 16:19:29,631 - modules.ai_model - INFO - Calculated 5 body measurements
2025-09-21 16:19:29,632 - modules.ai_model - INFO - Feature extraction completed
2025-09-21 16:19:29,632 - main - INFO - Generating classification scores
2025-09-21 16:19:29,632 - modules.scoring - INFO - Scoring animal traits for breed: unknown
2025-09-21 16:19:29,632 - modules.scoring - WARNING - No standards found for breed: unknown. Using generic standards.
2025-09-21 16:19:29,633 - modules.scoring - WARNING - Missing measurement or standard for trait: leg_structure
2025-09-21 16:19:29,633 - modules.scoring - WARNING - Missing measurement or standard for trait: overall_proportion
2025-09-21 16:19:29,633 - modules.scoring - INFO - Animal scored with overall score: 18.0, classification: poor
2025-09-21 16:19:29,634 - modules.ui - INFO - Classification completed successfully
2025-09-21 16:19:29,826 - modules.ui - INFO - Processing image...
2025-09-21 16:19:29,828 - main - INFO - Processing image: C:/Users/Hardik/Downloads/ed279de0-8939-4634-837b-b280bde6cd7e.jpeg
2025-09-21 16:19:29,829 - modules.image_processor - INFO - Preprocessing image
2025-09-21 16:19:29,829 - modules.image_processor - INFO - Loading image from C:/Users/Hardik/Downloads/ed279de0-8939-4634-837b-b280bde6cd7e.jpeg
2025-09-21 16:19:29,838 - modules.image_processor - INFO - Image loaded successfully
2025-09-21 16:19:29,843 - modules.image_processor - INFO - Image preprocessing completed
2025-09-21 16:19:29,843 - modules.ai_model - INFO - Extracting animal body features
2025-09-21 16:19:29,843 - modules.ai_model - INFO - Detecting animal keypoints
2025-09-21 16:19:29,920 - modules.ai_model - INFO - Detected 17 keypoints
2025-09-21 16:19:29,920 - modules.ai_model - INFO - Calculated 5 body measurements
2025-09-21 16:19:29,920 - modules.ai_model - INFO - Feature extraction completed
2025-09-21 16:19:29,920 - main - INFO - Generating classification scores
2025-09-21 16:19:29,921 - modules.scoring - INFO - Scoring animal traits for breed: unknown
2025-09-21 16:19:29,921 - modules.scoring - WARNING - No standards found for breed: unknown. Using generic standards.
2025-09-21 16:19:29,921 - modules.scoring - WARNING - Missing measurement or standard for trait: leg_structure
2025-09-21 16:19:29,921 - modules.scoring - WARNING - Missing measurement or standard for trait: overall_proportion
2025-09-21 16:19:29,921 - modules.scoring - INFO - Animal scored with overall score: 18.0, classification: poor
2025-09-21 16:19:29,922 - modules.ui - INFO - Classification completed successfully
2025-09-21 16:19:30,293 - modules.ui - INFO - Processing image...
2025-09-21 16:19:30,295 - main - INFO - Processing image: C:/Users/Hardik/Downloads/ed279de0-8939-4634-837b-b280bde6cd7e.jpeg
2025-09-21 16:19:30,295 - modules.image_processor - INFO - Preprocessing image
2025-09-21 16:19:30,296 - modules.image_processor - INFO - Loading image from C:/Users/Hardik/Downloads/ed279de0-8939-4634-837b-b280bde6cd7e.jpeg
2025-09-21 16:19:30,302 - modules.image_processor - INFO - Image loaded successfully
2025-09-21 16:19:30,307 - modules.image_processor - INFO - Image preprocessing completed
2025-09-21 16:19:30,308 - modules.ai_model - INFO - Extracting animal body features
2025-09-21 16:19:30,308 - modules.ai_model - INFO - Detecting animal keypoints
2025-09-21 16:19:30,387 - modules.ai_model - INFO - Detected 17 keypoints
2025-09-21 16:19:30,387 - modules.ai_model - INFO - Calculated 5 body measurements
2025-09-21 16:19:30,387 - modules.ai_model - INFO - Feature extraction completed
2025-09-21 16:19:30,388 - main - INFO - Generating classification scores
2025-09-21 16:19:30,388 - modules.scoring - INFO - Scoring animal traits for breed: unknown
2025-09-21 16:19:30,388 - modules.scoring - WARNING - No standards found for breed: unknown. Using generic standards.
2025-09-21 16:19:30,388 - modules.scoring - WARNING - Missing measurement or standard for trait: leg_structure
2025-09-21 16:19:30,388 - modules.scoring - WARNING - Missing measurement or standard for trait: overall_proportion
2025-09-21 16:19:30,388 - modules.scoring - INFO - Animal scored with overall score: 18.0, classification: poor
2025-09-21 16:19:30,389 - modules.ui - INFO - Classification completed successfully
2025-09-21 16:19:30,748 - modules.ui - INFO - Processing image...
2025-09-21 16:19:30,749 - main - INFO - Processing image: C:/Users/Hardik/Downloads/ed279de0-8939-4634-837b-b280bde6cd7e.jpeg
2025-09-21 16:19:30,750 - modules.image_processor - INFO - Preprocessing image
2025-09-21 16:19:30,751 - modules.image_processor - INFO - Loading image from C:/Users/Hardik/Downloads/ed279de0-8939-4634-837b-b280bde6cd7e.jpeg
2025-09-21 16:19:30,760 - modules.image_processor - INFO - Image loaded successfully
2025-09-21 16:19:30,765 - modules.image_processor - INFO - Image preprocessing completed
2025-09-21 16:19:30,766 - modules.ai_model - INFO - Extracting animal body features
2025-09-21 16:19:30,766 - modules.ai_model - INFO - Detecting animal keypoints
2025-09-21 16:19:30,845 - modules.ai_model - INFO - Detected 17 keypoints
2025-09-21 16:19:30,846 - modules.ai_model - INFO - Calculated 5 body measurements
2025-09-21 16:19:30,846 - modules.ai_model - INFO - Feature extraction completed
2025-09-21 16:19:30,846 - main - INFO - Generating classification scores
2025-09-21 16:19:30,846 - modules.scoring - INFO - Scoring animal traits for breed: unknown
2025-09-21 16:19:30,847 - modules.scoring - WARNING - No standards found for breed: unknown. Using generic standards.
2025-09-21 16:19:30,847 - modules.scoring - WARNING - Missing measurement or standard for trait: leg_structure
2025-09-21 16:19:30,847 - modules.scoring - WARNING - Missing measurement or standard for trait: overall_proportion
2025-09-21 16:19:30,847 - modules.scoring - INFO - Animal scored with overall score: 18.0, classification: poor
2025-09-21 16:19:30,848 - modules.ui - INFO - Classification completed successfully
2025-09-21 16:19:30,973 - modules.ui - INFO - Processing image...
2025-09-21 16:19:30,980 - main - INFO - Processing image: C:/Users/Hardik/Downloads/ed279de0-8939-4634-837b-b280bde6cd7e.jpeg
2025-09-21 16:19:30,980 - modules.image_processor - INFO - Preprocessing image
2025-09-21 16:19:30,980 - modules.image_processor - INFO - Loading image from C:/Users/Hardik/Downloads/ed279de0-8939-4634-837b-b280bde6cd7e.jpeg
2025-09-21 16:19:30,987 - modules.image_processor - INFO - Image loaded successfully
2025-09-21 16:19:30,992 - modules.image_processor - INFO - Image preprocessing completed
2025-09-21 16:19:30,993 - modules.ai_model - INFO - Extracting animal body features
2025-09-21 16:19:30,993 - modules.ai_model - INFO - Detecting animal keypoints
2025-09-21 16:19:31,081 - modules.ai_model - INFO - Detected 17 keypoints
2025-09-21 16:19:31,082 - modules.ai_model - INFO - Calculated 5 body measurements
2025-09-21 16:19:31,082 - modules.ai_model - INFO - Feature extraction completed
2025-09-21 16:19:31,082 - main - INFO - Generating classification scores
2025-09-21 16:19:31,082 - modules.scoring - INFO - Scoring animal traits for breed: unknown
2025-09-21 16:19:31,082 - modules.scoring - WARNING - No standards found for breed: unknown. Using generic standards.
2025-09-21 16:19:31,084 - modules.scoring - WARNING - Missing measurement or standard for trait: leg_structure
2025-09-21 16:19:31,084 - modules.scoring - WARNING - Missing measurement or standard for trait: overall_proportion
2025-09-21 16:19:31,085 - modules.scoring - INFO - Animal scored with overall score: 18.0, classification: poor
2025-09-21 16:19:31,085 - modules.ui - INFO - Classification completed successfully
2025-09-21 16:19:40,411 - modules.ui - INFO - Image loaded from C:/Users/Hardik/Downloads/(16) WhatsApp_files/339715478_232318115978541_2300483116031828692_n.jpg
2025-09-21 16:21:06,479 - modules.ui - INFO - Image loaded from C:/Users/Hardik/Downloads/9b805a90-c95b-4005-90af-4d692dea8a45.jpeg
2025-09-21 16:21:07,824 - modules.ui - INFO - Processing image...
2025-09-21 16:21:07,826 - main - INFO - Processing image: C:/Users/Hardik/Downloads/9b805a90-c95b-4005-90af-4d692dea8a45.jpeg
2025-09-21 16:21:07,826 - modules.image_processor - INFO - Preprocessing image
2025-09-21 16:21:07,827 - modules.image_processor - INFO - Loading image from C:/Users/Hardik/Downloads/9b805a90-c95b-4005-90af-4d692dea8a45.jpeg
2025-09-21 16:21:07,838 - modules.image_processor - INFO - Image loaded successfully
2025-09-21 16:21:07,844 - modules.image_processor - INFO - Image preprocessing completed
2025-09-21 16:21:07,844 - modules.ai_model - INFO - Extracting animal body features
2025-09-21 16:21:07,845 - modules.ai_model - INFO - Detecting animal keypoints
2025-09-21 16:21:07,924 - modules.ai_model - INFO - Detected 17 keypoints
2025-09-21 16:21:07,925 - modules.ai_model - INFO - Calculated 5 body measurements
2025-09-21 16:21:07,925 - modules.ai_model - INFO - Feature extraction completed
2025-09-21 16:21:07,925 - main - INFO - Generating classification scores
2025-09-21 16:21:07,925 - modules.scoring - INFO - Scoring animal traits for breed: unknown
2025-09-21 16:21:07,925 - modules.scoring - WARNING - No standards found for breed: unknown. Using generic standards.
2025-09-21 16:21:07,926 - modules.scoring - WARNING - Missing measurement or standard for trait: leg_structure
2025-09-21 16:21:07,926 - modules.scoring - WARNING - Missing measurement or standard for trait: overall_proportion
2025-09-21 16:21:07,926 - modules.scoring - INFO - Animal scored with overall score: 32.7, classification: poor
2025-09-21 16:21:07,927 - modules.ui - INFO - Classification completed successfully
2025-09-21 16:21:22,682 - modules.ui - INFO - Image loaded from C:/Users/Hardik/Downloads/e4573ae0-07ab-46bd-9087-2fd32c06baee.jpeg
2025-09-21 16:21:23,536 - modules.ui - INFO - Processing image...
2025-09-21 16:21:23,538 - main - INFO - Processing image: C:/Users/Hardik/Downloads/e4573ae0-07ab-46bd-9087-2fd32c06baee.jpeg
2025-09-21 16:21:23,538 - modules.image_processor - INFO - Preprocessing image
2025-09-21 16:21:23,539 - modules.image_processor - INFO - Loading image from C:/Users/Hardik/Downloads/e4573ae0-07ab-46bd-9087-2fd32c06baee.jpeg
2025-09-21 16:21:23,549 - modules.image_processor - INFO - Image loaded successfully
2025-09-21 16:21:23,556 - modules.image_processor - INFO - Image preprocessing completed
2025-09-21 16:21:23,556 - modules.ai_model - INFO - Extracting animal body features
2025-09-21 16:21:23,556 - modules.ai_model - INFO - Detecting animal keypoints
2025-09-21 16:21:23,645 - modules.ai_model - INFO - Detected 17 keypoints
2025-09-21 16:21:23,646 - modules.ai_model - INFO - Calculated 5 body measurements
2025-09-21 16:21:23,646 - modules.ai_model - INFO - Feature extraction completed
2025-09-21 16:21:23,646 - main - INFO - Generating classification scores
2025-09-21 16:21:23,646 - modules.scoring - INFO - Scoring animal traits for breed: unknown
2025-09-21 16:21:23,646 - modules.scoring - WARNING - No standards found for breed: unknown. Using generic standards.
2025-09-21 16:21:23,647 - modules.scoring - WARNING - Missing measurement or standard for trait: leg_structure
2025-09-21 16:21:23,647 - modules.scoring - WARNING - Missing measurement or standard for trait: overall_proportion
2025-09-21 16:21:23,647 - modules.scoring - INFO - Animal scored with overall score: 23.7, classification: poor
2025-09-21 16:21:23,648 - modules.ui - INFO - Classification completed successfully
2025-09-21 16:21:37,811 - modules.ui - INFO - User interface closed
2025-09-22 10:57:30,137 - __main__ - INFO - Starting Animal Type Classification System
2025-09-22 10:57:30,139 - main - INFO - Initializing Animal Type Classification System
2025-09-22 10:57:30,139 - modules.image_processor - INFO - Image processor initialized
2025-09-22 10:57:30,139 - modules.ai_model - INFO - Creating new feature extraction model
2025-09-22 10:57:31,372 - modules.ai_model - INFO - Initializing keypoint detection model
2025-09-22 10:57:31,871 - modules.ai_model - INFO - Keypoint model initialized
2025-09-22 10:57:31,871 - modules.ai_model - INFO - Animal classifier initialized
2025-09-22 10:57:31,902 - modules.database - INFO - Database tables created successfully
2025-09-22 10:57:31,903 - modules.database - INFO - Database initialized at c:\KARTIK\data\atc_database.db
2025-09-22 10:57:31,903 - modules.scoring - INFO - Using default scoring configuration
2025-09-22 10:57:31,904 - modules.scoring - INFO - Default scoring configuration set
2025-09-22 10:57:31,904 - modules.scoring - INFO - ATC Scorer initialized
2025-09-22 10:57:31,904 - modules.ui - INFO - User interface initialized
2025-09-22 10:57:31,905 - modules.bpa_integration - WARNING - BPA configuration file not found or not specified
2025-09-22 10:57:31,905 - modules.bpa_integration - INFO - BPA Integration initialized
2025-09-22 10:57:31,905 - main - INFO - System initialization complete
2025-09-22 10:57:31,905 - __main__ - INFO - Starting interactive mode
2025-09-22 10:57:31,906 - main - INFO - Starting Animal Type Classification System
2025-09-22 10:57:31,906 - modules.ui - INFO - Starting user interface
2025-09-22 10:58:18,123 - __main__ - INFO - Starting Animal Type Classification System
2025-09-22 10:58:18,123 - main - INFO - Initializing Animal Type Classification System
2025-09-22 10:58:18,123 - modules.image_processor - INFO - Image processor initialized
2025-09-22 10:58:18,123 - modules.ai_model - INFO - Creating new feature extraction model
2025-09-22 10:58:18,934 - modules.ai_model - INFO - Initializing keypoint detection model
2025-09-22 10:58:19,365 - modules.ai_model - INFO - Keypoint model initialized
2025-09-22 10:58:19,366 - modules.ai_model - INFO - Animal classifier initialized
2025-09-22 10:58:19,367 - modules.database - INFO - Database tables created successfully
2025-09-22 10:58:19,367 - modules.database - INFO - Database initialized at c:\KARTIK\data\atc_database.db
2025-09-22 10:58:19,368 - modules.scoring - INFO - Using default scoring configuration
2025-09-22 10:58:19,368 - modules.scoring - INFO - Default scoring configuration set
2025-09-22 10:58:19,368 - modules.scoring - INFO - ATC Scorer initialized
2025-09-22 10:58:19,369 - modules.ui - INFO - User interface initialized
2025-09-22 10:58:19,369 - modules.bpa_integration - WARNING - BPA configuration file not found or not specified
2025-09-22 10:58:19,369 - modules.bpa_integration - INFO - BPA Integration initialized
2025-09-22 10:58:19,369 - main - INFO - System initialization complete
2025-09-22 10:58:19,370 - __main__ - INFO - Starting interactive mode
2025-09-22 10:58:19,370 - main - INFO - Starting Animal Type Classification System
2025-09-22 10:58:19,370 - modules.ui - INFO - Starting user interface
2025-09-22 10:58:36,062 - modules.ui - INFO - User interface closed
2025-09-22 11:06:31,153 - modules.ui - INFO - Camera started
2025-09-22 11:06:34,082 - modules.ui - INFO - Camera already active
2025-09-22 11:06:42,570 - modules.ui - INFO - Image captured and saved to c:\KARTIK\data\images\capture_20250922_110642.jpg
2025-09-22 11:06:46,592 - modules.ui - INFO - Image captured and saved to c:\KARTIK\data\images\capture_20250922_110646.jpg
2025-09-22 11:06:59,258 - modules.ui - INFO - Animal ID is required
2025-09-22 11:07:08,190 - modules.ui - INFO - Processing image...
2025-09-22 11:07:08,191 - main - INFO - Processing image: c:\KARTIK\data\images\capture_20250922_110646.jpg
2025-09-22 11:07:08,192 - modules.image_processor - INFO - Preprocessing image
2025-09-22 11:07:08,192 - modules.image_processor - INFO - Loading image from c:\KARTIK\data\images\capture_20250922_110646.jpg
2025-09-22 11:07:08,210 - modules.image_processor - INFO - Image loaded successfully
2025-09-22 11:07:08,310 - modules.image_processor - INFO - Image preprocessing completed
2025-09-22 11:07:08,311 - modules.ai_model - INFO - Extracting animal body features
2025-09-22 11:07:08,311 - modules.ai_model - INFO - Detecting animal keypoints
2025-09-22 11:07:09,384 - modules.ai_model - INFO - Detected 17 keypoints
2025-09-22 11:07:09,385 - modules.ai_model - INFO - Calculated 5 body measurements
2025-09-22 11:07:09,386 - modules.ai_model - INFO - Feature extraction completed
2025-09-22 11:07:09,386 - main - INFO - Generating classification scores
2025-09-22 11:07:09,386 - modules.scoring - INFO - Scoring animal traits for breed: unknown
2025-09-22 11:07:09,387 - modules.scoring - WARNING - No standards found for breed: unknown. Using generic standards.
2025-09-22 11:07:09,387 - modules.scoring - WARNING - Missing measurement or standard for trait: leg_structure
2025-09-22 11:07:09,387 - modules.scoring - WARNING - Missing measurement or standard for trait: overall_proportion
2025-09-22 11:07:09,387 - modules.scoring - INFO - Animal scored with overall score: 18.0, classification: poor
2025-09-22 11:07:09,389 - modules.ui - INFO - Classification completed successfully
2025-09-22 11:07:15,564 - modules.ui - INFO - User interface closed
2025-09-23 15:31:32,243 - __main__ - INFO - Starting Animal Type Classification System
2025-09-23 15:31:32,245 - main - INFO - Initializing Animal Type Classification System
2025-09-23 15:31:32,247 - modules.image_processor - INFO - Image processor initialized
2025-09-23 15:31:32,247 - modules.ai_model - INFO - Creating new feature extraction model
2025-09-23 15:31:33,984 - modules.ai_model - INFO - Initializing keypoint detection model
2025-09-23 15:31:34,884 - modules.ai_model - INFO - Keypoint model initialized
2025-09-23 15:31:34,884 - modules.ai_model - INFO - Animal classifier initialized
2025-09-23 15:31:34,917 - modules.database - INFO - Database tables created successfully
2025-09-23 15:31:34,917 - modules.database - INFO - Database initialized at c:\KARTIK\data\atc_database.db
2025-09-23 15:31:34,918 - modules.scoring - INFO - Using default scoring configuration
2025-09-23 15:31:34,918 - modules.scoring - INFO - Default scoring configuration set
2025-09-23 15:31:34,918 - modules.scoring - INFO - ATC Scorer initialized
2025-09-23 15:31:34,919 - modules.ui - INFO - User interface initialized
2025-09-23 15:31:34,920 - modules.bpa_integration - WARNING - BPA configuration file not found or not specified
2025-09-23 15:31:34,921 - modules.bpa_integration - INFO - BPA Integration initialized
2025-09-23 15:31:34,921 - main - INFO - System initialization complete
2025-09-23 15:31:34,922 - __main__ - INFO - Starting interactive mode
2025-09-23 15:31:34,922 - main - INFO - Starting Animal Type Classification System
2025-09-23 15:31:34,923 - modules.ui - INFO - Starting user interface
2025-09-23 15:31:50,268 - modules.ui - INFO - Image loaded from C:/Users/Hardik/Downloads/csr logo.jpg
2025-09-23 15:31:52,139 - modules.ui - INFO - Processing image...
2025-09-23 15:31:52,141 - main - INFO - Processing image: C:/Users/Hardik/Downloads/csr logo.jpg
2025-09-23 15:31:52,142 - modules.image_processor - INFO - Preprocessing image
2025-09-23 15:31:52,142 - modules.image_processor - INFO - Loading image from C:/Users/Hardik/Downloads/csr logo.jpg
2025-09-23 15:31:52,164 - modules.image_processor - INFO - Image loaded successfully
2025-09-23 15:31:52,361 - modules.image_processor - INFO - Image preprocessing completed
2025-09-23 15:31:52,362 - modules.ai_model - INFO - Extracting animal body features
2025-09-23 15:31:52,363 - modules.ai_model - INFO - Detecting animal keypoints
2025-09-23 15:31:54,186 - modules.ai_model - INFO - Detected 17 keypoints
2025-09-23 15:31:54,187 - modules.ai_model - INFO - Calculated 5 body measurements
2025-09-23 15:31:54,188 - modules.ai_model - INFO - Feature extraction completed
2025-09-23 15:31:54,188 - main - INFO - Generating classification scores
2025-09-23 15:31:54,188 - modules.scoring - INFO - Scoring animal traits for breed: unknown
2025-09-23 15:31:54,188 - modules.scoring - WARNING - No standards found for breed: unknown. Using generic standards.
2025-09-23 15:31:54,189 - modules.scoring - WARNING - Missing measurement or standard for trait: leg_structure
2025-09-23 15:31:54,189 - modules.scoring - WARNING - Missing measurement or standard for trait: overall_proportion
2025-09-23 15:31:54,189 - modules.scoring - INFO - Animal scored with overall score: 18.0, classification: poor
2025-09-23 15:31:54,190 - modules.ui - INFO - Classification completed successfully
2025-09-23 15:31:55,040 - main - INFO - Saving classification data for animal ID: None
2025-09-23 15:31:55,041 - modules.database - INFO - Adding classification for animal: None
2025-09-23 15:31:55,268 - modules.database - INFO - Classification added successfully with ID: 11
2025-09-23 15:31:55,268 - main - INFO - Classification data saved successfully
2025-09-23 15:31:55,269 - modules.ui - INFO - Classification saved with ID: 11
2025-09-23 15:31:58,138 - main - INFO - Saving classification data for animal ID: None
2025-09-23 15:31:58,138 - modules.database - INFO - Adding classification for animal: None
2025-09-23 15:31:58,269 - modules.database - INFO - Classification added successfully with ID: 12
2025-09-23 15:31:58,271 - main - INFO - Classification data saved successfully
2025-09-23 15:31:58,271 - modules.ui - INFO - Syncing with BPA...
2025-09-23 15:31:58,273 - main - INFO - Syncing data with BPA for animal ID: None
2025-09-23 15:31:58,273 - modules.bpa_integration - INFO - Syncing data for animal_id=None with BPA (placeholder)
2025-09-23 15:31:58,274 - main - INFO - Data synced with BPA successfully
2025-09-23 15:31:58,274 - modules.ui - INFO - Sync with BPA completed successfully
2025-09-23 15:32:00,361 - modules.ui - INFO - All data cleared
2025-09-23 15:32:01,745 - modules.ui - INFO - User interface closed
2025-09-23 15:33:25,032 - __main__ - INFO - Starting Animal Type Classification System
2025-09-23 15:33:25,032 - main - INFO - Initializing Animal Type Classification System
2025-09-23 15:33:25,033 - modules.image_processor - INFO - Image processor initialized
2025-09-23 15:33:25,033 - modules.ai_model - INFO - Creating new feature extraction model
2025-09-23 15:33:26,483 - modules.ai_model - INFO - Initializing keypoint detection model
2025-09-23 15:33:27,214 - modules.ai_model - INFO - Keypoint model initialized
2025-09-23 15:33:27,214 - modules.ai_model - INFO - Animal classifier initialized
2025-09-23 15:33:27,278 - modules.database - INFO - Database tables created successfully
2025-09-23 15:33:27,279 - modules.database - INFO - Database initialized at c:\KARTIK\data\atc_database.db
2025-09-23 15:33:27,279 - modules.scoring - INFO - Using default scoring configuration
2025-09-23 15:33:27,280 - modules.scoring - INFO - Default scoring configuration set
2025-09-23 15:33:27,280 - modules.scoring - INFO - ATC Scorer initialized
2025-09-23 15:33:27,281 - modules.ui - INFO - User interface initialized
2025-09-23 15:33:27,282 - modules.bpa_integration - WARNING - BPA configuration file not found or not specified
2025-09-23 15:33:27,283 - modules.bpa_integration - INFO - BPA Integration initialized
2025-09-23 15:33:27,283 - main - INFO - System initialization complete
2025-09-23 15:33:27,284 - __main__ - INFO - Starting interactive mode
2025-09-23 15:33:27,284 - main - INFO - Starting Animal Type Classification System
2025-09-23 15:33:27,286 - modules.ui - INFO - Starting user interface
2025-09-23 15:33:34,736 - modules.ui - INFO - No image available for classification
2025-09-23 15:33:41,333 - modules.ui - INFO - Image loaded from C:/Users/Hardik/Downloads/Gemini_Generated_Image_pha3b3pha3b3pha3.png
2025-09-23 15:33:46,845 - modules.ui - INFO - Processing image...
2025-09-23 15:33:46,850 - main - INFO - Processing image: C:/Users/Hardik/Downloads/Gemini_Generated_Image_pha3b3pha3b3pha3.png
2025-09-23 15:33:46,851 - modules.image_processor - INFO - Preprocessing image
2025-09-23 15:33:46,852 - modules.image_processor - INFO - Loading image from C:/Users/Hardik/Downloads/Gemini_Generated_Image_pha3b3pha3b3pha3.png
2025-09-23 15:33:46,974 - modules.image_processor - INFO - Image loaded successfully
2025-09-23 15:33:47,125 - modules.image_processor - INFO - Image preprocessing completed
2025-09-23 15:33:47,126 - modules.ai_model - INFO - Extracting animal body features
2025-09-23 15:33:47,126 - modules.ai_model - INFO - Detecting animal keypoints
2025-09-23 15:33:48,497 - modules.ai_model - INFO - Detected 17 keypoints
2025-09-23 15:33:48,497 - modules.ai_model - INFO - Calculated 5 body measurements
2025-09-23 15:33:48,498 - modules.ai_model - INFO - Feature extraction completed
2025-09-23 15:33:48,498 - main - INFO - Generating classification scores
2025-09-23 15:33:48,498 - modules.scoring - INFO - Scoring animal traits for breed: unknown
2025-09-23 15:33:48,498 - modules.scoring - WARNING - No standards found for breed: unknown. Using generic standards.
2025-09-23 15:33:48,500 - modules.scoring - WARNING - Missing measurement or standard for trait: leg_structure
2025-09-23 15:33:48,500 - modules.scoring - WARNING - Missing measurement or standard for trait: overall_proportion
2025-09-23 15:33:48,500 - modules.scoring - INFO - Animal scored with overall score: 18.0, classification: poor
2025-09-23 15:33:48,501 - modules.ui - INFO - Classification completed successfully
2025-09-23 15:33:50,761 - main - INFO - Saving classification data for animal ID: None
2025-09-23 15:33:50,761 - modules.database - INFO - Adding classification for animal: None
2025-09-23 15:33:50,772 - modules.database - INFO - Classification added successfully with ID: 1
2025-09-23 15:33:50,772 - main - INFO - Classification data saved successfully
2025-09-23 15:33:50,773 - modules.ui - INFO - Classification saved with ID: 1
2025-09-23 15:33:53,397 - main - INFO - Saving classification data for animal ID: None
2025-09-23 15:33:53,397 - modules.database - INFO - Adding classification for animal: None
2025-09-23 15:33:53,409 - modules.database - INFO - Classification added successfully with ID: 2
2025-09-23 15:33:53,409 - main - INFO - Classification data saved successfully
2025-09-23 15:33:53,410 - modules.ui - INFO - Syncing with BPA...
2025-09-23 15:33:53,411 - main - INFO - Syncing data with BPA for animal ID: None
2025-09-23 15:33:53,412 - modules.bpa_integration - INFO - Syncing data for animal_id=None with BPA (placeholder)
2025-09-23 15:33:53,412 - main - INFO - Data synced with BPA successfully
2025-09-23 15:33:53,413 - modules.ui - INFO - Sync with BPA completed successfully
2025-09-23 15:33:55,755 - modules.ui - INFO - All data cleared
2025-09-23 15:33:57,043 - modules.ui - INFO - User interface closed
2025-09-24 16:05:03,106 - __main__ - INFO - Starting Animal Type Classification System
2025-09-24 16:05:03,109 - main - INFO - Initializing Animal Type Classification System
2025-09-24 16:05:03,109 - modules.image_processor - INFO - Image processor initialized
2025-09-24 16:05:03,111 - modules.ai_model - INFO - Creating new feature extraction model
2025-09-24 16:05:05,830 - modules.ai_model - INFO - Initializing keypoint detection model
2025-09-24 16:05:07,392 - modules.ai_model - INFO - Keypoint model initialized
2025-09-24 16:05:07,393 - modules.ai_model - INFO - Animal classifier initialized
2025-09-24 16:05:07,409 - modules.database - INFO - Database tables created successfully
2025-09-24 16:05:07,409 - modules.database - INFO - Database initialized at c:\KARTIK\data\atc_database.db
2025-09-24 16:05:07,412 - modules.scoring - INFO - Using default scoring configuration
2025-09-24 16:05:07,413 - modules.scoring - INFO - Default scoring configuration set
2025-09-24 16:05:07,414 - modules.scoring - INFO - ATC Scorer initialized
2025-09-24 16:05:07,414 - modules.ui - INFO - User interface initialized
2025-09-24 16:05:07,415 - modules.bpa_integration - WARNING - BPA configuration file not found or not specified
2025-09-24 16:05:07,415 - modules.bpa_integration - INFO - BPA Integration initialized
2025-09-24 16:05:07,416 - main - INFO - System initialization complete
2025-09-24 16:05:07,417 - __main__ - INFO - Starting interactive mode
2025-09-24 16:05:07,423 - main - INFO - Starting Animal Type Classification System
2025-09-24 16:05:07,430 - modules.ui - INFO - Starting user interface
2025-09-24 16:05:13,621 - modules.ui - INFO - Camera started
2025-09-24 16:06:05,106 - modules.ui - INFO - Image captured and saved to c:\KARTIK\data\images\capture_20250924_160605.jpg
2025-09-24 16:06:10,134 - modules.ui - INFO - Animal ID is required
2025-09-24 16:06:15,565 - modules.ui - INFO - Processing image...
2025-09-24 16:06:15,566 - main - INFO - Processing image: c:\KARTIK\data\images\capture_20250924_160605.jpg
2025-09-24 16:06:15,566 - modules.image_processor - INFO - Preprocessing image
2025-09-24 16:06:15,566 - modules.image_processor - INFO - Loading image from c:\KARTIK\data\images\capture_20250924_160605.jpg
2025-09-24 16:06:15,586 - modules.image_processor - INFO - Image loaded successfully
2025-09-24 16:06:15,736 - modules.image_processor - INFO - Image preprocessing completed
2025-09-24 16:06:15,737 - modules.ai_model - INFO - Extracting animal body features
2025-09-24 16:06:15,737 - modules.ai_model - INFO - Detecting animal keypoints
2025-09-24 16:06:17,292 - modules.ai_model - INFO - Detected 17 keypoints
2025-09-24 16:06:17,294 - modules.ai_model - INFO - Calculated 5 body measurements
2025-09-24 16:06:17,295 - modules.ai_model - INFO - Feature extraction completed
2025-09-24 16:06:17,295 - main - INFO - Generating classification scores
2025-09-24 16:06:17,295 - modules.scoring - INFO - Scoring animal traits for breed: unknown
2025-09-24 16:06:17,296 - modules.scoring - WARNING - No standards found for breed: unknown. Using generic standards.
2025-09-24 16:06:17,296 - modules.scoring - WARNING - Missing measurement or standard for trait: leg_structure
2025-09-24 16:06:17,297 - modules.scoring - WARNING - Missing measurement or standard for trait: overall_proportion
2025-09-24 16:06:17,297 - modules.scoring - INFO - Animal scored with overall score: 18.0, classification: poor
2025-09-24 16:06:17,299 - modules.ui - INFO - Classification completed successfully
2025-09-24 16:06:20,867 - modules.ui - INFO - All data cleared
2025-09-24 16:06:27,878 - modules.ui - INFO - Image captured and saved to c:\KARTIK\data\images\capture_20250924_160627.jpg
2025-09-24 16:06:31,516 - modules.database - INFO - Retrieving animal: 1
2025-09-24 16:06:31,518 - modules.database - WARNING - Animal 1 not found
2025-09-24 16:06:31,519 - modules.ui - INFO - Animal not found: 1
2025-09-24 16:06:36,283 - modules.database - INFO - Retrieving animal: 22
2025-09-24 16:06:36,283 - modules.database - WARNING - Animal 22 not found
2025-09-24 16:06:36,283 - modules.ui - INFO - Animal not found: 22
2025-09-24 16:06:41,909 - modules.ui - INFO - Processing image...
2025-09-24 16:06:41,910 - main - INFO - Processing image: c:\KARTIK\data\images\capture_20250924_160627.jpg
2025-09-24 16:06:41,911 - modules.image_processor - INFO - Preprocessing image
2025-09-24 16:06:41,911 - modules.image_processor - INFO - Loading image from c:\KARTIK\data\images\capture_20250924_160627.jpg
2025-09-24 16:06:41,922 - modules.image_processor - INFO - Image loaded successfully
2025-09-24 16:06:41,928 - modules.image_processor - INFO - Image preprocessing completed
2025-09-24 16:06:41,931 - modules.ai_model - INFO - Extracting animal body features
2025-09-24 16:06:41,936 - modules.ai_model - INFO - Detecting animal keypoints
2025-09-24 16:06:42,108 - modules.ai_model - INFO - Detected 17 keypoints
2025-09-24 16:06:42,110 - modules.ai_model - INFO - Calculated 5 body measurements
2025-09-24 16:06:42,110 - modules.ai_model - INFO - Feature extraction completed
2025-09-24 16:06:42,111 - main - INFO - Generating classification scores
2025-09-24 16:06:42,111 - modules.scoring - INFO - Scoring animal traits for breed: unknown
2025-09-24 16:06:42,111 - modules.scoring - WARNING - No standards found for breed: unknown. Using generic standards.
2025-09-24 16:06:42,112 - modules.scoring - WARNING - Missing measurement or standard for trait: leg_structure
2025-09-24 16:06:42,112 - modules.scoring - WARNING - Missing measurement or standard for trait: overall_proportion
2025-09-24 16:06:42,112 - modules.scoring - INFO - Animal scored with overall score: 18.0, classification: poor
2025-09-24 16:06:42,113 - modules.ui - INFO - Classification completed successfully
2025-09-24 16:06:48,401 - modules.ui - INFO - Image captured and saved to c:\KARTIK\data\images\capture_20250924_160648.jpg
2025-09-24 16:06:50,880 - modules.ui - INFO - Processing image...
2025-09-24 16:06:50,882 - main - INFO - Processing image: c:\KARTIK\data\images\capture_20250924_160648.jpg
2025-09-24 16:06:50,882 - modules.image_processor - INFO - Preprocessing image
2025-09-24 16:06:50,882 - modules.image_processor - INFO - Loading image from c:\KARTIK\data\images\capture_20250924_160648.jpg
2025-09-24 16:06:50,898 - modules.image_processor - INFO - Image loaded successfully
2025-09-24 16:06:50,905 - modules.image_processor - INFO - Image preprocessing completed
2025-09-24 16:06:50,906 - modules.ai_model - INFO - Extracting animal body features
2025-09-24 16:06:50,907 - modules.ai_model - INFO - Detecting animal keypoints
2025-09-24 16:06:51,053 - modules.ai_model - INFO - Detected 17 keypoints
2025-09-24 16:06:51,054 - modules.ai_model - INFO - Calculated 5 body measurements
2025-09-24 16:06:51,054 - modules.ai_model - INFO - Feature extraction completed
2025-09-24 16:06:51,054 - main - INFO - Generating classification scores
2025-09-24 16:06:51,054 - modules.scoring - INFO - Scoring animal traits for breed: unknown
2025-09-24 16:06:51,054 - modules.scoring - WARNING - No standards found for breed: unknown. Using generic standards.
2025-09-24 16:06:51,055 - modules.scoring - WARNING - Missing measurement or standard for trait: leg_structure
2025-09-24 16:06:51,055 - modules.scoring - WARNING - Missing measurement or standard for trait: overall_proportion
2025-09-24 16:06:51,056 - modules.scoring - INFO - Animal scored with overall score: 18.0, classification: poor
2025-09-24 16:06:51,056 - modules.ui - INFO - Classification completed successfully
2025-09-24 16:07:26,654 - modules.ui - INFO - User interface closed
2025-09-24 16:08:08,668 - __main__ - INFO - Starting Animal Type Classification System
2025-09-24 16:08:08,668 - main - INFO - Initializing Animal Type Classification System
2025-09-24 16:08:08,669 - modules.image_processor - INFO - Image processor initialized
2025-09-24 16:08:08,669 - modules.ai_model - INFO - Creating new feature extraction model
2025-09-24 16:08:09,672 - modules.ai_model - INFO - Initializing keypoint detection model
2025-09-24 16:08:10,209 - modules.ai_model - INFO - Keypoint model initialized
2025-09-24 16:08:10,210 - modules.ai_model - INFO - Animal classifier initialized
2025-09-24 16:08:10,211 - modules.database - INFO - Database tables created successfully
2025-09-24 16:08:10,212 - modules.database - INFO - Database initialized at c:\KARTIK\data\atc_database.db
2025-09-24 16:08:10,212 - modules.scoring - INFO - Using default scoring configuration
2025-09-24 16:08:10,212 - modules.scoring - INFO - Default scoring configuration set
2025-09-24 16:08:10,212 - modules.scoring - INFO - ATC Scorer initialized
2025-09-24 16:08:10,212 - modules.ui - INFO - User interface initialized
2025-09-24 16:08:10,213 - modules.bpa_integration - WARNING - BPA configuration file not found or not specified
2025-09-24 16:08:10,213 - modules.bpa_integration - INFO - BPA Integration initialized
2025-09-24 16:08:10,213 - main - INFO - System initialization complete
2025-09-24 16:08:10,213 - __main__ - INFO - Starting interactive mode
2025-09-24 16:08:10,213 - main - INFO - Starting Animal Type Classification System
2025-09-24 16:08:10,213 - modules.ui - INFO - Starting user interface
2025-09-24 16:08:13,818 - modules.ui - INFO - Camera started
2025-09-24 16:08:24,262 - modules.ui - INFO - No image available for classification
2025-09-24 16:08:26,727 - modules.ui - INFO - Image captured and saved to c:\KARTIK\data\images\capture_20250924_160826.jpg
2025-09-24 16:08:28,761 - modules.ui - INFO - Processing image...
2025-09-24 16:08:28,763 - main - INFO - Processing image: c:\KARTIK\data\images\capture_20250924_160826.jpg
2025-09-24 16:08:28,764 - modules.image_processor - INFO - Preprocessing image
2025-09-24 16:08:28,765 - modules.image_processor - INFO - Loading image from c:\KARTIK\data\images\capture_20250924_160826.jpg
2025-09-24 16:08:28,781 - modules.image_processor - INFO - Image loaded successfully
2025-09-24 16:08:28,962 - modules.image_processor - INFO - Image preprocessing completed
2025-09-24 16:08:28,963 - modules.ai_model - INFO - Extracting animal body features
2025-09-24 16:08:28,967 - modules.ai_model - INFO - Detecting animal keypoints
2025-09-24 16:08:30,100 - modules.ai_model - INFO - Detected 17 keypoints
2025-09-24 16:08:30,100 - modules.ai_model - INFO - Calculated 5 body measurements
2025-09-24 16:08:30,100 - modules.ai_model - INFO - Feature extraction completed
2025-09-24 16:08:30,100 - main - INFO - Generating classification scores
2025-09-24 16:08:30,101 - modules.scoring - INFO - Scoring animal traits for breed: unknown
2025-09-24 16:08:30,101 - modules.scoring - WARNING - No standards found for breed: unknown. Using generic standards.
2025-09-24 16:08:30,101 - modules.scoring - WARNING - Missing measurement or standard for trait: leg_structure
2025-09-24 16:08:30,103 - modules.scoring - WARNING - Missing measurement or standard for trait: overall_proportion
2025-09-24 16:08:30,103 - modules.scoring - INFO - Animal scored with overall score: 25.4, classification: poor
2025-09-24 16:08:30,104 - modules.ui - INFO - Classification completed successfully
2025-09-24 16:08:37,449 - modules.ui - INFO - All data cleared
2025-09-24 16:08:39,022 - modules.ui - INFO - Camera already active
2025-09-24 16:08:40,264 - modules.ui - INFO - No image available for classification
2025-09-24 16:08:42,979 - modules.ui - INFO - Camera already active
2025-09-24 16:08:45,602 - modules.ui - INFO - Image captured and saved to c:\KARTIK\data\images\capture_20250924_160845.jpg
2025-09-24 16:08:47,336 - modules.ui - INFO - Animal ID is required
2025-09-24 16:08:52,302 - modules.ui - INFO - Processing image...
2025-09-24 16:08:52,305 - main - INFO - Processing image: c:\KARTIK\data\images\capture_20250924_160845.jpg
2025-09-24 16:08:52,305 - modules.image_processor - INFO - Preprocessing image
2025-09-24 16:08:52,306 - modules.image_processor - INFO - Loading image from c:\KARTIK\data\images\capture_20250924_160845.jpg
2025-09-24 16:08:52,321 - modules.image_processor - INFO - Image loaded successfully
2025-09-24 16:08:52,330 - modules.image_processor - INFO - Image preprocessing completed
2025-09-24 16:08:52,331 - modules.ai_model - INFO - Extracting animal body features
2025-09-24 16:08:52,332 - modules.ai_model - INFO - Detecting animal keypoints
2025-09-24 16:08:52,478 - modules.ai_model - INFO - Detected 17 keypoints
2025-09-24 16:08:52,480 - modules.ai_model - INFO - Calculated 5 body measurements
2025-09-24 16:08:52,481 - modules.ai_model - INFO - Feature extraction completed
2025-09-24 16:08:52,482 - main - INFO - Generating classification scores
2025-09-24 16:08:52,483 - modules.scoring - INFO - Scoring animal traits for breed: unknown
2025-09-24 16:08:52,484 - modules.scoring - WARNING - No standards found for breed: unknown. Using generic standards.
2025-09-24 16:08:52,485 - modules.scoring - WARNING - Missing measurement or standard for trait: leg_structure
2025-09-24 16:08:52,486 - modules.scoring - WARNING - Missing measurement or standard for trait: overall_proportion
2025-09-24 16:08:52,487 - modules.scoring - INFO - Animal scored with overall score: 26.2, classification: poor
2025-09-24 16:08:52,489 - modules.ui - INFO - Classification completed successfully
2025-09-24 16:08:56,650 - modules.ui - INFO - All data cleared
2025-09-24 16:09:03,163 - modules.ui - INFO - Camera already active
2025-09-24 16:09:04,086 - modules.ui - INFO - Image captured and saved to c:\KARTIK\data\images\capture_20250924_160904.jpg
2025-09-24 16:09:05,404 - modules.ui - INFO - Animal ID is required
2025-09-24 16:09:10,534 - modules.ui - INFO - Processing image...
2025-09-24 16:09:10,535 - main - INFO - Processing image: c:\KARTIK\data\images\capture_20250924_160904.jpg
2025-09-24 16:09:10,536 - modules.image_processor - INFO - Preprocessing image
2025-09-24 16:09:10,536 - modules.image_processor - INFO - Loading image from c:\KARTIK\data\images\capture_20250924_160904.jpg
2025-09-24 16:09:10,552 - modules.image_processor - INFO - Image loaded successfully
2025-09-24 16:09:10,560 - modules.image_processor - INFO - Image preprocessing completed
2025-09-24 16:09:10,560 - modules.ai_model - INFO - Extracting animal body features
2025-09-24 16:09:10,561 - modules.ai_model - INFO - Detecting animal keypoints
2025-09-24 16:09:10,700 - modules.ai_model - INFO - Detected 17 keypoints
2025-09-24 16:09:10,702 - modules.ai_model - INFO - Calculated 5 body measurements
2025-09-24 16:09:10,704 - modules.ai_model - INFO - Feature extraction completed
2025-09-24 16:09:10,707 - main - INFO - Generating classification scores
2025-09-24 16:09:10,712 - modules.scoring - INFO - Scoring animal traits for breed: unknown
2025-09-24 16:09:10,713 - modules.scoring - WARNING - No standards found for breed: unknown. Using generic standards.
2025-09-24 16:09:10,715 - modules.scoring - WARNING - Missing measurement or standard for trait: leg_structure
2025-09-24 16:09:10,717 - modules.scoring - WARNING - Missing measurement or standard for trait: overall_proportion
2025-09-24 16:09:10,719 - modules.scoring - INFO - Animal scored with overall score: 18.0, classification: poor
2025-09-24 16:09:10,721 - modules.ui - INFO - Classification completed successfully
2025-09-24 16:09:14,169 - modules.ui - INFO - User interface closed
2025-09-24 16:26:34,490 - __main__ - INFO - Starting Animal Type Classification System
2025-09-24 16:26:34,492 - main - INFO - Initializing Animal Type Classification System
2025-09-24 16:26:34,494 - modules.image_processor - INFO - Image processor initialized
2025-09-24 16:26:34,495 - modules.ai_model - INFO - Creating new feature extraction model
2025-09-24 16:26:37,114 - modules.ai_model - INFO - Initializing keypoint detection model
2025-09-24 16:26:38,877 - modules.ai_model - INFO - Keypoint model initialized
2025-09-24 16:26:38,893 - modules.ai_model - INFO - Animal classifier initialized
2025-09-24 16:26:38,902 - modules.database - INFO - Database tables created successfully
2025-09-24 16:26:38,904 - modules.database - INFO - Database initialized at c:\KARTIK\data\atc_database.db
2025-09-24 16:26:38,906 - modules.scoring - INFO - Using default scoring configuration
2025-09-24 16:26:38,906 - modules.scoring - INFO - Default scoring configuration set
2025-09-24 16:26:38,911 - modules.scoring - INFO - ATC Scorer initialized
2025-09-24 16:26:38,911 - modules.ui - INFO - User interface initialized
2025-09-24 16:26:38,911 - modules.bpa_integration - WARNING - BPA configuration file not found or not specified
2025-09-24 16:26:38,911 - modules.bpa_integration - INFO - BPA Integration initialized
2025-09-24 16:26:38,911 - main - INFO - System initialization complete
2025-09-24 16:26:38,911 - __main__ - INFO - Starting interactive mode
2025-09-24 16:26:38,911 - main - INFO - Starting Animal Type Classification System
2025-09-24 16:26:38,921 - modules.ui - INFO - Starting user interface
2025-09-24 16:27:21,403 - modules.ui - INFO - User interface closed
2025-11-03 09:33:56,898 - __main__ - INFO - Starting Animal Type Classification System
2025-11-03 09:33:56,899 - main - INFO - Initializing Animal Type Classification System
2025-11-03 09:33:56,900 - modules.image_processor - INFO - Image processor initialized
2025-11-03 09:33:56,901 - modules.ai_model - INFO - Creating new feature extraction model
2025-11-03 09:33:57,981 - modules.ai_model - INFO - Initializing keypoint detection model
2025-11-03 09:33:58,535 - modules.ai_model - INFO - Keypoint model initialized
2025-11-03 09:33:58,536 - modules.ai_model - INFO - Animal classifier initialized
2025-11-03 09:33:58,545 - modules.database - INFO - Database tables created successfully
2025-11-03 09:33:58,546 - modules.database - INFO - Database initialized at c:\KARTIK\data\atc_database.db
2025-11-03 09:33:58,546 - modules.scoring - INFO - Using default scoring configuration
2025-11-03 09:33:58,546 - modules.scoring - INFO - Default scoring configuration set
2025-11-03 09:33:58,546 - modules.scoring - INFO - ATC Scorer initialized
2025-11-03 09:33:58,547 - modules.ui - INFO - User interface initialized
2025-11-03 09:33:58,547 - modules.bpa_integration - WARNING - BPA configuration file not found or not specified
2025-11-03 09:33:58,547 - modules.bpa_integration - INFO - BPA Integration initialized
2025-11-03 09:33:58,548 - main - INFO - System initialization complete
2025-11-03 09:33:58,548 - __main__ - INFO - Starting interactive mode
2025-11-03 09:33:58,548 - main - INFO - Starting Animal Type Classification System
2025-11-03 09:33:58,548 - modules.ui - INFO - Starting user interface
2025-11-03 09:34:08,317 - modules.ui - INFO - Camera started
2025-11-03 09:34:18,019 - modules.ui - INFO - Image captured and saved to c:\KARTIK\data\images\capture_20251103_093418.jpg
2025-11-03 09:34:20,117 - modules.ui - INFO - Image captured and saved to c:\KARTIK\data\images\capture_20251103_093420.jpg
2025-11-03 09:34:20,802 - modules.ui - INFO - Image captured and saved to c:\KARTIK\data\images\capture_20251103_093420.jpg
2025-11-03 09:34:32,899 - modules.ui - INFO - Processing image...
2025-11-03 09:34:32,903 - main - INFO - Processing image: c:\KARTIK\data\images\capture_20251103_093420.jpg
2025-11-03 09:34:32,903 - modules.image_processor - INFO - Preprocessing image
2025-11-03 09:34:32,904 - modules.image_processor - INFO - Loading image from c:\KARTIK\data\images\capture_20251103_093420.jpg
2025-11-03 09:34:32,924 - modules.image_processor - INFO - Image loaded successfully
2025-11-03 09:34:33,052 - modules.image_processor - INFO - Image preprocessing completed
2025-11-03 09:34:33,052 - modules.ai_model - INFO - Extracting animal body features
2025-11-03 09:34:33,053 - modules.ai_model - INFO - Detecting animal keypoints
2025-11-03 09:34:34,410 - modules.ai_model - INFO - Detected 17 keypoints
2025-11-03 09:34:34,411 - modules.ai_model - INFO - Calculated 5 body measurements
2025-11-03 09:34:34,411 - modules.ai_model - INFO - Feature extraction completed
2025-11-03 09:34:34,411 - main - INFO - Generating classification scores
2025-11-03 09:34:34,411 - modules.scoring - INFO - Scoring animal traits for breed: unknown
2025-11-03 09:34:34,412 - modules.scoring - WARNING - No standards found for breed: unknown. Using generic standards.
2025-11-03 09:34:34,412 - modules.scoring - WARNING - Missing measurement or standard for trait: leg_structure
2025-11-03 09:34:34,412 - modules.scoring - WARNING - Missing measurement or standard for trait: overall_proportion
2025-11-03 09:34:34,413 - modules.scoring - INFO - Animal scored with overall score: 18.0, classification: poor
2025-11-03 09:34:34,414 - modules.ui - INFO - Classification completed successfully
2025-11-03 09:34:48,906 - modules.ui - INFO - User interface closed
2025-11-03 09:35:05,078 - __main__ - INFO - Starting Animal Type Classification System
2025-11-03 09:35:05,078 - main - INFO - Initializing Animal Type Classification System
2025-11-03 09:35:05,078 - modules.image_processor - INFO - Image processor initialized
2025-11-03 09:35:05,079 - modules.ai_model - INFO - Creating new feature extraction model
2025-11-03 09:35:06,101 - modules.ai_model - INFO - Initializing keypoint detection model
2025-11-03 09:35:06,624 - modules.ai_model - INFO - Keypoint model initialized
2025-11-03 09:35:06,624 - modules.ai_model - INFO - Animal classifier initialized
2025-11-03 09:35:06,625 - modules.database - INFO - Database tables created successfully
2025-11-03 09:35:06,625 - modules.database - INFO - Database initialized at c:\KARTIK\data\atc_database.db
2025-11-03 09:35:06,625 - modules.scoring - INFO - Using default scoring configuration
2025-11-03 09:35:06,625 - modules.scoring - INFO - Default scoring configuration set
2025-11-03 09:35:06,626 - modules.scoring - INFO - ATC Scorer initialized
2025-11-03 09:35:06,626 - modules.ui - INFO - User interface initialized
2025-11-03 09:35:06,626 - modules.bpa_integration - WARNING - BPA configuration file not found or not specified
2025-11-03 09:35:06,626 - modules.bpa_integration - INFO - BPA Integration initialized
2025-11-03 09:35:06,627 - main - INFO - System initialization complete
2025-11-03 09:35:06,627 - __main__ - INFO - Starting interactive mode
2025-11-03 09:35:06,627 - main - INFO - Starting Animal Type Classification System
2025-11-03 09:35:06,627 - modules.ui - INFO - Starting user interface
2025-11-03 09:35:12,325 - modules.ui - INFO - Camera started
2025-11-03 09:35:20,648 - modules.ui - INFO - Image captured and saved to c:\KARTIK\data\images\capture_20251103_093520.jpg
2025-11-03 09:35:21,502 - modules.ui - INFO - Image captured and saved to c:\KARTIK\data\images\capture_20251103_093521.jpg
2025-11-03 09:35:25,960 - modules.ui - INFO - Processing image...
2025-11-03 09:35:25,962 - main - INFO - Processing image: c:\KARTIK\data\images\capture_20251103_093521.jpg
2025-11-03 09:35:25,962 - modules.image_processor - INFO - Preprocessing image
2025-11-03 09:35:25,963 - modules.image_processor - INFO - Loading image from c:\KARTIK\data\images\capture_20251103_093521.jpg
2025-11-03 09:35:25,979 - modules.image_processor - INFO - Image loaded successfully
2025-11-03 09:35:26,102 - modules.image_processor - INFO - Image preprocessing completed
2025-11-03 09:35:26,102 - modules.ai_model - INFO - Extracting animal body features
2025-11-03 09:35:26,102 - modules.ai_model - INFO - Detecting animal keypoints
2025-11-03 09:35:27,091 - modules.ai_model - INFO - Detected 17 keypoints
2025-11-03 09:35:27,092 - modules.ai_model - INFO - Calculated 5 body measurements
2025-11-03 09:35:27,092 - modules.ai_model - INFO - Feature extraction completed
2025-11-03 09:35:27,092 - main - INFO - Generating classification scores
2025-11-03 09:35:27,092 - modules.scoring - INFO - Scoring animal traits for breed: unknown
2025-11-03 09:35:27,092 - modules.scoring - WARNING - No standards found for breed: unknown. Using generic standards.
2025-11-03 09:35:27,092 - modules.scoring - WARNING - Missing measurement or standard for trait: leg_structure
2025-11-03 09:35:27,093 - modules.scoring - WARNING - Missing measurement or standard for trait: overall_proportion
2025-11-03 09:35:27,093 - modules.scoring - INFO - Animal scored with overall score: 18.0, classification: poor
2025-11-03 09:35:27,094 - modules.ui - INFO - Classification completed successfully
2025-11-03 09:35:28,507 - main - INFO - Saving classification data for animal ID: None
2025-11-03 09:35:28,507 - modules.database - INFO - Adding classification for animal: None
2025-11-03 09:35:28,517 - modules.database - INFO - Classification added successfully with ID: 3
2025-11-03 09:35:28,518 - main - INFO - Classification data saved successfully
2025-11-03 09:35:28,518 - modules.ui - INFO - Classification saved with ID: 3
2025-11-03 09:35:37,648 - modules.ui - INFO - User interface closed
2025-11-03 09:35:44,025 - __main__ - INFO - Starting Animal Type Classification System
2025-11-03 09:35:44,025 - main - INFO - Initializing Animal Type Classification System
2025-11-03 09:35:44,026 - modules.image_processor - INFO - Image processor initialized
2025-11-03 09:35:44,027 - modules.ai_model - INFO - Creating new feature extraction model
2025-11-03 09:35:45,015 - modules.ai_model - INFO - Initializing keypoint detection model
2025-11-03 09:35:45,517 - modules.ai_model - INFO - Keypoint model initialized
2025-11-03 09:35:45,518 - modules.ai_model - INFO - Animal classifier initialized
2025-11-03 09:35:45,520 - modules.database - INFO - Database tables created successfully
2025-11-03 09:35:45,520 - modules.database - INFO - Database initialized at c:\KARTIK\data\atc_database.db
2025-11-03 09:35:45,521 - modules.scoring - INFO - Using default scoring configuration
2025-11-03 09:35:45,521 - modules.scoring - INFO - Default scoring configuration set
2025-11-03 09:35:45,521 - modules.scoring - INFO - ATC Scorer initialized
2025-11-03 09:35:45,521 - modules.ui - INFO - User interface initialized
2025-11-03 09:35:45,521 - modules.bpa_integration - WARNING - BPA configuration file not found or not specified
2025-11-03 09:35:45,522 - modules.bpa_integration - INFO - BPA Integration initialized
2025-11-03 09:35:45,522 - main - INFO - System initialization complete
2025-11-03 09:35:45,522 - __main__ - INFO - Starting interactive mode
2025-11-03 09:35:45,522 - main - INFO - Starting Animal Type Classification System
2025-11-03 09:35:45,522 - modules.ui - INFO - Starting user interface
2025-11-03 09:35:49,680 - modules.ui - INFO - Camera started
2025-11-03 09:36:07,126 - modules.ui - INFO - Image captured and saved to c:\KARTIK\data\images\capture_20251103_093607.jpg
2025-11-03 09:36:07,393 - modules.ui - INFO - Image captured and saved to c:\KARTIK\data\images\capture_20251103_093607.jpg
2025-11-03 09:36:07,534 - modules.ui - INFO - Image captured and saved to c:\KARTIK\data\images\capture_20251103_093607.jpg
2025-11-03 09:36:07,790 - modules.ui - INFO - Image captured and saved to c:\KARTIK\data\images\capture_20251103_093607.jpg
2025-11-03 09:36:08,045 - modules.ui - INFO - Image captured and saved to c:\KARTIK\data\images\capture_20251103_093608.jpg
2025-11-03 09:36:11,383 - modules.ui - INFO - Processing image...
2025-11-03 09:36:11,391 - main - INFO - Processing image: c:\KARTIK\data\images\capture_20251103_093608.jpg
2025-11-03 09:36:11,392 - modules.image_processor - INFO - Preprocessing image
2025-11-03 09:36:11,392 - modules.image_processor - INFO - Loading image from c:\KARTIK\data\images\capture_20251103_093608.jpg
2025-11-03 09:36:11,407 - modules.image_processor - INFO - Image loaded successfully
2025-11-03 09:36:11,534 - modules.image_processor - INFO - Image preprocessing completed
2025-11-03 09:36:11,535 - modules.ai_model - INFO - Extracting animal body features
2025-11-03 09:36:11,535 - modules.ai_model - INFO - Detecting animal keypoints
2025-11-03 09:36:12,586 - modules.ai_model - INFO - Detected 17 keypoints
2025-11-03 09:36:12,586 - modules.ai_model - INFO - Calculated 5 body measurements
2025-11-03 09:36:12,586 - modules.ai_model - INFO - Feature extraction completed
2025-11-03 09:36:12,586 - main - INFO - Generating classification scores
2025-11-03 09:36:12,587 - modules.scoring - INFO - Scoring animal traits for breed: unknown
2025-11-03 09:36:12,587 - modules.scoring - WARNING - No standards found for breed: unknown. Using generic standards.
2025-11-03 09:36:12,587 - modules.scoring - WARNING - Missing measurement or standard for trait: leg_structure
2025-11-03 09:36:12,587 - modules.scoring - WARNING - Missing measurement or standard for trait: overall_proportion
2025-11-03 09:36:12,587 - modules.scoring - INFO - Animal scored with overall score: 18.0, classification: poor
2025-11-03 09:36:12,588 - modules.ui - INFO - Classification completed successfully
2025-11-03 09:36:19,315 - modules.ui - INFO - User interface closed
2025-11-03 09:36:25,004 - __main__ - INFO - Starting Animal Type Classification System
2025-11-03 09:36:25,004 - main - INFO - Initializing Animal Type Classification System
2025-11-03 09:36:25,004 - modules.image_processor - INFO - Image processor initialized
2025-11-03 09:36:25,005 - modules.ai_model - INFO - Creating new feature extraction model
2025-11-03 09:36:25,947 - modules.ai_model - INFO - Initializing keypoint detection model
2025-11-03 09:36:26,440 - modules.ai_model - INFO - Keypoint model initialized
2025-11-03 09:36:26,440 - modules.ai_model - INFO - Animal classifier initialized
2025-11-03 09:36:26,441 - modules.database - INFO - Database tables created successfully
2025-11-03 09:36:26,441 - modules.database - INFO - Database initialized at c:\KARTIK\data\atc_database.db
2025-11-03 09:36:26,441 - modules.scoring - INFO - Using default scoring configuration
2025-11-03 09:36:26,442 - modules.scoring - INFO - Default scoring configuration set
2025-11-03 09:36:26,442 - modules.scoring - INFO - ATC Scorer initialized
2025-11-03 09:36:26,442 - modules.ui - INFO - User interface initialized
2025-11-03 09:36:26,442 - modules.bpa_integration - WARNING - BPA configuration file not found or not specified
2025-11-03 09:36:26,443 - modules.bpa_integration - INFO - BPA Integration initialized
2025-11-03 09:36:26,443 - main - INFO - System initialization complete
2025-11-03 09:36:26,443 - __main__ - INFO - Starting interactive mode
2025-11-03 09:36:26,443 - main - INFO - Starting Animal Type Classification System
2025-11-03 09:36:26,443 - modules.ui - INFO - Starting user interface
2025-11-03 09:36:31,567 - modules.ui - INFO - Camera started
2025-11-03 09:36:45,073 - modules.ui - INFO - Image captured and saved to c:\KARTIK\data\images\capture_20251103_093645.jpg
2025-11-03 09:36:45,956 - modules.ui - INFO - Image captured and saved to c:\KARTIK\data\images\capture_20251103_093645.jpg
2025-11-03 09:36:48,126 - modules.ui - INFO - Processing image...
2025-11-03 09:36:48,137 - main - INFO - Processing image: c:\KARTIK\data\images\capture_20251103_093645.jpg
2025-11-03 09:36:48,138 - modules.image_processor - INFO - Preprocessing image
2025-11-03 09:36:48,138 - modules.image_processor - INFO - Loading image from c:\KARTIK\data\images\capture_20251103_093645.jpg
2025-11-03 09:36:48,154 - modules.image_processor - INFO - Image loaded successfully
2025-11-03 09:36:48,281 - modules.image_processor - INFO - Image preprocessing completed
2025-11-03 09:36:48,282 - modules.ai_model - INFO - Extracting animal body features
2025-11-03 09:36:48,282 - modules.ai_model - INFO - Detecting animal keypoints
2025-11-03 09:36:49,317 - modules.ai_model - INFO - Detected 17 keypoints
2025-11-03 09:36:49,318 - modules.ai_model - INFO - Calculated 5 body measurements
2025-11-03 09:36:49,318 - modules.ai_model - INFO - Feature extraction completed
2025-11-03 09:36:49,318 - main - INFO - Generating classification scores
2025-11-03 09:36:49,318 - modules.scoring - INFO - Scoring animal traits for breed: unknown
2025-11-03 09:36:49,318 - modules.scoring - WARNING - No standards found for breed: unknown. Using generic standards.
2025-11-03 09:36:49,319 - modules.scoring - WARNING - Missing measurement or standard for trait: leg_structure
2025-11-03 09:36:49,319 - modules.scoring - WARNING - Missing measurement or standard for trait: overall_proportion
2025-11-03 09:36:49,319 - modules.scoring - INFO - Animal scored with overall score: 18.0, classification: poor
2025-11-03 09:36:49,319 - modules.ui - INFO - Classification completed successfully
2025-11-03 09:36:52,051 - modules.ui - INFO - User interface closed
2025-11-03 12:10:23,402 - __main__ - INFO - Starting Animal Type Classification System
2025-11-03 12:10:23,403 - main - INFO - Initializing Animal Type Classification System
2025-11-03 12:10:23,403 - modules.image_processor - INFO - Image processor initialized
2025-11-03 12:10:23,403 - modules.ai_model - INFO - Creating new feature extraction model
2025-11-03 12:10:24,495 - modules.ai_model - INFO - Initializing keypoint detection model
2025-11-03 12:10:25,086 - modules.ai_model - INFO - Keypoint model initialized
2025-11-03 12:10:25,086 - modules.ai_model - INFO - Animal classifier initialized
2025-11-03 12:10:25,094 - modules.database - INFO - Database tables created successfully
2025-11-03 12:10:25,094 - modules.database - INFO - Database initialized at c:\KARTIK\data\atc_database.db
2025-11-03 12:10:25,094 - modules.scoring - INFO - Using default scoring configuration
2025-11-03 12:10:25,094 - modules.scoring - INFO - Default scoring configuration set
2025-11-03 12:10:25,094 - modules.scoring - INFO - ATC Scorer initialized
2025-11-03 12:10:25,095 - modules.ui - INFO - User interface initialized
2025-11-03 12:10:25,095 - modules.bpa_integration - WARNING - BPA configuration file not found or not specified
2025-11-03 12:10:25,095 - modules.bpa_integration - INFO - BPA Integration initialized
2025-11-03 12:10:25,095 - main - INFO - System initialization complete
2025-11-03 12:10:25,095 - __main__ - INFO - Starting interactive mode
2025-11-03 12:10:25,095 - main - INFO - Starting Animal Type Classification System
2025-11-03 12:10:25,096 - modules.ui - INFO - Starting user interface
2025-11-03 12:10:50,565 - modules.ui - INFO - Image loaded from C:/Users/Hardik/OneDrive/Desktop/abstract-style-texture-background-image_432516-22603.jpg
2025-11-03 12:10:52,194 - modules.ui - INFO - Animal ID is required
2025-11-03 12:10:58,162 - modules.ui - INFO - Processing image...
2025-11-03 12:10:58,163 - main - INFO - Processing image: C:/Users/Hardik/OneDrive/Desktop/abstract-style-texture-background-image_432516-22603.jpg
2025-11-03 12:10:58,163 - modules.image_processor - INFO - Preprocessing image
2025-11-03 12:10:58,163 - modules.image_processor - INFO - Loading image from C:/Users/Hardik/OneDrive/Desktop/abstract-style-texture-background-image_432516-22603.jpg
2025-11-03 12:10:58,169 - modules.image_processor - INFO - Image loaded successfully
2025-11-03 12:10:58,336 - modules.image_processor - INFO - Image preprocessing completed
2025-11-03 12:10:58,337 - modules.ai_model - INFO - Extracting animal body features
2025-11-03 12:10:58,337 - modules.ai_model - INFO - Detecting animal keypoints
2025-11-03 12:10:59,614 - modules.ai_model - INFO - Detected 17 keypoints
2025-11-03 12:10:59,615 - modules.ai_model - INFO - Calculated 5 body measurements
2025-11-03 12:10:59,615 - modules.ai_model - INFO - Feature extraction completed
2025-11-03 12:10:59,616 - main - INFO - Generating classification scores
2025-11-03 12:10:59,616 - modules.scoring - INFO - Scoring animal traits for breed: unknown
2025-11-03 12:10:59,617 - modules.scoring - WARNING - No standards found for breed: unknown. Using generic standards.
2025-11-03 12:10:59,617 - modules.scoring - WARNING - Missing measurement or standard for trait: leg_structure
2025-11-03 12:10:59,618 - modules.scoring - WARNING - Missing measurement or standard for trait: overall_proportion
2025-11-03 12:10:59,618 - modules.scoring - INFO - Animal scored with overall score: 18.0, classification: poor
2025-11-03 12:10:59,619 - modules.ui - INFO - Classification completed successfully
2025-11-03 12:11:02,467 - main - INFO - Saving classification data for animal ID: None
2025-11-03 12:11:02,468 - modules.database - INFO - Adding classification for animal: None
2025-11-03 12:11:02,479 - modules.database - INFO - Classification added successfully with ID: 4
2025-11-03 12:11:02,479 - main - INFO - Classification data saved successfully
2025-11-03 12:11:02,480 - modules.ui - INFO - Classification saved with ID: 4
2025-11-03 12:11:04,844 - main - INFO - Saving classification data for animal ID: None
2025-11-03 12:11:04,845 - modules.database - INFO - Adding classification for animal: None
2025-11-03 12:11:04,857 - modules.database - INFO - Classification added successfully with ID: 5
2025-11-03 12:11:04,858 - main - INFO - Classification data saved successfully
2025-11-03 12:11:04,858 - modules.ui - INFO - Syncing with BPA...
2025-11-03 12:11:04,860 - main - INFO - Syncing data with BPA for animal ID: None
2025-11-03 12:11:04,860 - modules.bpa_integration - INFO - Syncing data for animal_id=None with BPA (placeholder)
2025-11-03 12:11:04,861 - main - INFO - Data synced with BPA successfully
2025-11-03 12:11:04,861 - modules.ui - INFO - Sync with BPA completed successfully
2025-11-03 12:11:07,226 - modules.ui - INFO - All data cleared
2025-11-03 12:11:09,050 - modules.ui - INFO - User interface closed
2025-11-03 13:25:08,343 - __main__ - INFO - Starting Animal Type Classification System
2025-11-03 13:25:08,343 - main - INFO - Initializing Animal Type Classification System
2025-11-03 13:25:08,343 - modules.image_processor - INFO - Image processor initialized
2025-11-03 13:25:08,344 - modules.ai_model - INFO - Creating new feature extraction model
2025-11-03 13:25:10,002 - modules.ai_model - INFO - Initializing keypoint detection model
2025-11-03 13:25:10,960 - modules.ai_model - INFO - Keypoint model initialized
2025-11-03 13:25:10,961 - modules.ai_model - INFO - Animal classifier initialized
2025-11-03 13:25:10,999 - modules.database - INFO - Database tables created successfully
2025-11-03 13:25:10,999 - modules.database - INFO - Database initialized at c:\KARTIK\data\atc_database.db
2025-11-03 13:25:10,999 - modules.scoring - INFO - Using default scoring configuration
2025-11-03 13:25:11,000 - modules.scoring - INFO - Default scoring configuration set
2025-11-03 13:25:11,000 - modules.scoring - INFO - ATC Scorer initialized
2025-11-03 13:25:11,001 - modules.ui - INFO - User interface initialized
2025-11-03 13:25:11,002 - modules.bpa_integration - WARNING - BPA configuration file not found or not specified
2025-11-03 13:25:11,002 - modules.bpa_integration - INFO - BPA Integration initialized
2025-11-03 13:25:11,003 - main - INFO - System initialization complete
2025-11-03 13:25:11,003 - __main__ - INFO - Starting interactive mode
2025-11-03 13:25:11,004 - main - INFO - Starting Animal Type Classification System
2025-11-03 13:25:11,005 - modules.ui - INFO - Starting user interface
2025-11-03 13:27:29,900 - modules.ui - INFO - User interface closed
2025-11-03 14:06:47,806 - __main__ - INFO - Starting Animal Type Classification System
2025-11-03 14:06:47,807 - main - INFO - Initializing Animal Type Classification System
2025-11-03 14:06:47,807 - modules.image_processor - INFO - Image processor initialized
2025-11-03 14:06:47,807 - modules.ai_model - INFO - Creating new feature extraction model
2025-11-03 14:06:49,424 - modules.ai_model - INFO - Initializing keypoint detection model
2025-11-03 14:06:50,262 - modules.ai_model - INFO - Keypoint model initialized
2025-11-03 14:06:50,263 - modules.ai_model - INFO - Animal classifier initialized
2025-11-03 14:06:50,265 - modules.database - INFO - Database tables created successfully
2025-11-03 14:06:50,265 - modules.database - INFO - Database initialized at c:\KARTIK\data\atc_database.db
2025-11-03 14:06:50,266 - modules.scoring - INFO - Using default scoring configuration
2025-11-03 14:06:50,266 - modules.scoring - INFO - Default scoring configuration set
2025-11-03 14:06:50,267 - modules.scoring - INFO - ATC Scorer initialized
2025-11-03 14:06:50,267 - modules.ui - INFO - User interface initialized
2025-11-03 14:06:50,268 - modules.bpa_integration - WARNING - BPA configuration file not found or not specified
2025-11-03 14:06:50,269 - modules.bpa_integration - INFO - BPA Integration initialized
2025-11-03 14:06:50,270 - main - INFO - System initialization complete
2025-11-03 14:06:50,270 - __main__ - INFO - Starting interactive mode
2025-11-03 14:06:50,272 - main - INFO - Starting Animal Type Classification System
2025-11-03 14:06:50,272 - modules.ui - INFO - Starting user interface
2025-11-03 14:06:58,903 - modules.ui - INFO - Camera started
2025-11-03 14:08:22,755 - modules.ui - INFO - Image captured and saved to c:\KARTIK\data\images\capture_20251103_140822.jpg
2025-11-03 14:08:30,503 - modules.ui - INFO - Processing image...
2025-11-03 14:08:30,507 - main - INFO - Processing image: c:\KARTIK\data\images\capture_20251103_140822.jpg
2025-11-03 14:08:30,508 - modules.image_processor - INFO - Preprocessing image
2025-11-03 14:08:30,509 - modules.image_processor - INFO - Loading image from c:\KARTIK\data\images\capture_20251103_140822.jpg
2025-11-03 14:08:30,556 - modules.image_processor - INFO - Image loaded successfully
2025-11-03 14:08:30,715 - modules.image_processor - INFO - Image preprocessing completed
2025-11-03 14:08:30,715 - modules.ai_model - INFO - Extracting animal body features
2025-11-03 14:08:30,716 - modules.ai_model - INFO - Detecting animal keypoints
2025-11-03 14:08:32,480 - modules.ai_model - INFO - Detected 17 keypoints
2025-11-03 14:08:32,481 - modules.ai_model - INFO - Calculated 5 body measurements
2025-11-03 14:08:32,481 - modules.ai_model - INFO - Feature extraction completed
2025-11-03 14:08:32,482 - main - INFO - Generating classification scores
2025-11-03 14:08:32,482 - modules.scoring - INFO - Scoring animal traits for breed: unknown
2025-11-03 14:08:32,482 - modules.scoring - WARNING - No standards found for breed: unknown. Using generic standards.
2025-11-03 14:08:32,483 - modules.scoring - WARNING - Missing measurement or standard for trait: leg_structure
2025-11-03 14:08:32,483 - modules.scoring - WARNING - Missing measurement or standard for trait: overall_proportion
2025-11-03 14:08:32,483 - modules.scoring - INFO - Animal scored with overall score: 18.0, classification: poor
2025-11-03 14:08:32,484 - modules.ui - INFO - Classification completed successfully
2025-11-03 14:08:50,474 - main - INFO - Saving classification data for animal ID: None
2025-11-03 14:08:50,474 - modules.database - INFO - Adding classification for animal: None
2025-11-03 14:08:50,504 - modules.database - INFO - Classification added successfully with ID: 6
2025-11-03 14:08:50,504 - main - INFO - Classification data saved successfully
2025-11-03 14:08:50,505 - modules.ui - INFO - Classification saved with ID: 6
2025-11-03 14:08:55,691 - main - INFO - Saving classification data for animal ID: None
2025-11-03 14:08:55,692 - modules.database - INFO - Adding classification for animal: None
2025-11-03 14:08:55,707 - modules.database - INFO - Classification added successfully with ID: 7
2025-11-03 14:08:55,710 - main - INFO - Classification data saved successfully
2025-11-03 14:08:55,720 - modules.ui - INFO - Syncing with BPA...
2025-11-03 14:08:55,747 - main - INFO - Syncing data with BPA for animal ID: None
2025-11-03 14:08:55,764 - modules.bpa_integration - INFO - Syncing data for animal_id=None with BPA (placeholder)
2025-11-03 14:08:55,776 - main - INFO - Data synced with BPA successfully
2025-11-03 14:08:55,789 - modules.ui - INFO - Sync with BPA completed successfully
2025-11-03 14:09:07,919 - modules.ui - INFO - User interface closed
